commerce;jour de fermeture;adresse;code postal;ville;coord_geo
Vanita Café;dimanche;66 R. MONTMARTRE;75002;PARIS;48.865724,2.344774
Le Brelan;dimanche;58 RUE BEAUBOURG;75003;PARIS;48.863043,2.354625
Le Progrès;dimanche;1 RUE DE BRETAGNE;75003;PARIS;48.861922,2.364326
Le Week-End;dimanche;42 BD HENRI IV;75004;PARIS;48.85236,2.367001
Tabac St-Germain;dimanche;54 BD SAINT-GERMAIN;75005;PARIS;48.850016,2.349435
Le Saint Mandé;dimanche;41/43 R. LINNÉ;75005;PARIS;48.846255,2.354357
Les Oliviers;dimanche;66 R. CLAUDE BERNARD;75005;PARIS;48.84016,2.346641
Le Calumet;dimanche;30 R NOTRE-DAME-DES-CHAMPS;75006;PARIS;48.845191,2.328426
Café Le Dauphine;dimanche;17 R. DAUPHINE;75006;PARIS;48.855427,2.340038
Tabac Bac St-Germain;dimanche;66 R. DU BAC;75007;PARIS;48.855676,2.325187
La Cave à Cigares;dimanche;23 AV. DE LA MOTTE-PICQUET;75007;PARIS;48.855457,2.307635
La Civette de L'Alma;dimanche;15 AV. RAPP;75007;PARIS;48.860455,2.301302
Elysée;samedi;5 R. DE MIROMESNIL;75008;PARIS;48.871624,2.315999
Tabac du Rocher;dimanche;91 R. DU ROCHER;75008;PARIS;48.880778,2.31693
La Boite à Cigares;dimanche;23 R. DE ROME;75008;PARIS;48.876307,2.323392
Le Mont Vallon;dimanche;5 R. DE VIENNE;75008;PARIS;48.876625,2.321338
La Caravelle;dimanche;14 R. D'AMSTERDAM;75009;PARIS;48.876394,2.326978
La Bouffarde Opéra;dimanche;32 RUE  CAUMARTIN;75009;PARIS;48.872552,2.328328
La Barrique;dimanche;7 RUE BEAUREPAIRE;75010;PARIS;48.869538,2.363346
Le Reilhac;mardi;63 R. DU FBG SAINT-DENIS;75010;PARIS;48.872334,2.353971
Madi's Sons;dimanche;92 RUE DE LA ROQUETTE;75011;PARIS;48.856262,2.37677
L'Amicale;dimanche;9 R. DES TROIS BORNES;75011;PARIS;48.866403,2.371709
Le 1930;dimanche;128 R. DE CHARONNE;75011;PARIS;48.855087,2.387388
Café Tabac Le Flach;dimanche;64  BD. VOLTAIRE;75011;PARIS;48.861627,2.373373
L'Étoile D'Or;dimanche;94 AVENUE PHILIPPE AUGUSTE;75011;PARIS;48.855643,2.391642
Habanos;dimanche;32 BOULEVARD RICHARD-LENOIR;75011;PARIS;48.8569,2.37127
Le Bercy;dimanche;6 RUE CHAMBERTIN;75012;PARIS;48.84005,2.380315
Le Reinit;dimanche;116 COURS DE VINCENNES;75012;PARIS;48.84673,2.410219
Tabac des Colonnes;dimanche;6 COURS DE VINCENNES;75012;PARIS;48.847655,2.399685
Tabac Soult;dimanche;76 BD. SOULT;75012;PARIS;48.844769,2.410778
Tabac des Sports;dimanche;35 AV.DE LA PORTE DE CHOISY;75013;PARIS;48.819634,2.364805
Journaux - Presse;dimanche;215 R. DE TOLBIAC;75013;PARIS;48.825648,2.347092
Maison de la Presse;dimanche;7 R. ELSA MORANTE;75013;PARIS;48.828635,2.381866
Le Naja;dimanche;56 AV. DES GOBELINS;75013;PARIS;48.833695,2.35369
Le Marijan;dimanche;20BIS BD  ARAGO;75013;PARIS;48.836037,2.348706
Maison de la Presse;dimanche;137 BD AUGUSTE BLANQUI;75013;PARIS;48.830912,2.343055
Tabac de Patay;dimanche;75 R. DE PATAY;75013;PARIS;48.826498,2.373006
La Bouffarde;dimanche;177 BD BRUNE;75014;PARIS;48.823974,2.32304
Tabac des Catacombes;dimanche;41 AV. DU GÉN. LECLERC;75014;PARIS;48.830286,2.329281
Le 7 ème Art;dimanche;84 RUE RAYMOND LOSSERAND;75014;PARIS;48.833362,2.31691
L‘Alliance;dimanche;52-56 R. DE LA CROIX-NIVERT;75015;PARIS;48.845382,2.297798
L‘Ariel;dimanche;1 R. DES MORILLONS;75015;PARIS;48.834489,2.295878
Tabac de la Tour;dimanche;33 AV. DU MAINE;75015;PARIS;48.842281,2.321236
Le Marigny;lundi;59 BD LEFEBVRE;75015;PARIS;48.831079,2.292562
Le Disque Bleu;dimanche;60 R. DU THÉÂTRE;75015;PARIS;48.848127,2.289908
Tabac de la Place;0;8 PL. FALGUIÈRE;75015;PARIS;48.83607,2.310297
Le Wilson;0;75 R. LABROUSTE;75015;PARIS;48.83169,2.306175
Tabac Le Village;0;70 R. DES ENTREPRENEURS;75015;PARIS;48.84494,2.289609
Tabac de New Nesles;dimanche;114  R. DE SÈVRES;75015;PARIS;48.845511,2.312081
Le Brazza;dimanche;294 /296 R. DE VAUGIRARD;75015;PARIS;48.838271,2.298172
Civette Art Galerie;dimanche;177 R. DE VAUGIRARD;75015;PARIS;48.84312,2.313485
Le Bouquet d'Auteuil;dimanche;8 R. D'AUTEUIL;75016;PARIS;48.84761,2.268259
Tabac Le Ribera;dimanche;66 R. JEAN DE LA FONTAINE;75016;PARIS;48.850483,2.270564
JB Tabac;dimanche;96 R. RAYNOUARD;75016;PARIS;48.853029,2.276196
La Parisienne;dimanche;57 AVENUE MOZART;75016;PARIS;48.854729,2.269595
Tabac des Musées;dimanche;7 AV. PIERRE 1ER DE SERBIE;75016;PARIS;48.865545,2.295218
Le Tabac du Terminus;dimanche;8 PL. DE LA PORTE DE SAINT-CLOUD;75016;PARIS;48.838431,2.257571
Le Brazza;lundi;53 R. DE TOCQUEVILLE;75017;PARIS;48.885223,2.31037
Royal Clichy;dimanche;73 AV. DE CLICHY;75017;PARIS;48.887955,2.324668
Le Carolène;0;56 RUE BERZÉLIUS;75017;PARIS;48.894343,2.319838
Le Marigny;dimanche;30 R. DES BATIGNOLLES;75017;PARIS;48.885153,2.320717
Le Café du Quartie;0;228 R. DE CHAMPIONNET;75018;PARIS;48.893624,2.329668
Cité de la Presse;dimanche;29 RUE TRISTAN TZARA;75018;PARIS;48.89536,2.362903
Le Clignancourt;vendredi;79 BD ORNANO;75018;PARIS;48.897292,2.344348
Le Cadre Noir;dimanche;38 RUE DE JOINVILLE;75019;PARIS;48.890948,2.378064
Le Narval;0;100 BD. DE LA VILLETTE;75019;PARIS;48.879449,2.388393
Café Rosa;dimanche;46 R. CÉSARIA EVORA;75019;PARIS;48.897725,2.375371
Le Marigny;0;1 AV. LAUMIÈRE;75019;PARIS;48.882727,2.38136
Civette Brunet;dimanche;2 AV. DE LA PORTE BRUNET;75019;PARIS;48.883231,2.39544
Le Réveil Matin;0;135 RUE DE MÉNILMONTANT;75020;PARIS;48.870154,2.395921
Le Narval;dimanche;235 RUE DES PYRÉNÉES;75020;PARIS;48.863975,2.399003
Le Saint-Fargeau;dimanche;108 AV.GAMBETTA;75020;PARIS;48.871349,2.404241
Le Marigny;dimanche;298 RUE DES PYRÉNÉES;75020;PARIS;48.872062,2.391837
Le Chiquito;dimanche;38 R. LEVERT;75020;PARIS;48.875254,2.392518
Au Bon Coin;dimanche;2 BOULEVARD DAVOUT;75020;PARIS;48.847692,2.411579
L‘obelisque;dimanche;45 R. SAINT-BLAISE;75020;PARIS;48.858066,2.407131
tabac de la mairie;dimanche;6 ALL. JEAN BAPTISTE COLBERT;77200;TORCY;48.851232,2.653295
Espace Tabac;lundi;74 RUE JEAN JAURÈS;77410;CLAYE-SOUILLY;48.945337,2.686965
Espace Gambetta;dimanche;20 RUE GAMBETTA;77500;CHELLES;48.878843,2.592533
Le Clémenceau;0;4 QUAI GEORGES CLÉMENCEAU;78380;BOUGIVAL;48.86735,2.139196
La Civette du Val;dimanche;100 AV. GEORGES CLEMENCEAU;78500;SARTROUVILLE;48.942241,2.196403
Tabac des Blanches;0;33 BD HENRI BARBUSSE;78800;HOUILLES;48.92683,2.192155
Le Mozart;dimanche;105 AV. DU 18 AVRIL;91200;ATHIS-MONS;48.702065,2.386953
L'Express;dimanche;2 R. DU PDT ROBERT LAKOTA;91270;VIGNEUX-SUR-SEINE;48.707778,2.413923
Maison de la Presse;dimanche;15BIS PL. DE L'UNION EUROPÉENNE;91300;MASSY;48.727141,2.256988
Royal Massy;mercredi;48 R. GABRIEL PÉRI;91300;MASSY;48.730086,2.276435
le Longchamps;dimanche;88 AV. ARISTIDE BRIAND;91420;MORANGIS;48.700557,2.324935
Le Concorde;dimanche;19-21 BD DE FONTAINEBLEAU;91550;PARAY-VIEILLE-POSTE;48.708563,2.371231
Tabac de la Gare;jeudi;2/4 PL. DE LA GARE;91700;SAINTE-GENEVIEVE-DES-BOIS;48.628092,2.337893
La Cave à Cigares;dimanche;27 R. DE LA PAIX;92000;NANTERRE;48.887941,2.223661
L‘européen;dimanche;87 R. MAURICE THOREZ;92000;NANTERRE;48.894957,2.196085
Tabac de la Boule;dimanche;5 PL. DE LA BOULE;92000;NANTERRE;48.886877,2.200963
Le Lutétia;dimanche;127 BD JEAN JAURÈS;92100;BOULOGNE-BILLANCOURT;48.836665,2.241906
Le Silly;dimanche;143 R. DE SILLY;92100;BOULOGNE-BILLANCOURT;48.832876,2.233721
Tabac - Presse;dimanche;54 R. MARCEL BONTEMPS;92100;BOULOGNE-BILLANCOURT;48.826872,2.238981
Tabac du Marché;lundi;64 R. DE NEUILLY;92110;CLICHY;48.902135,2.302715
Le Chiquito;dimanche;128 BD JEAN JAURÈS;92110;CLICHY;48.906416,2.301193
Presse Papier;dimanche;54 R. D'EREVAN;92130;ISSY-LES-MOULINEAUX;48.817724,2.260655
Tabac du Centre;dimanche;68 R.DU GOUVERNEUR GÉNÉRAL EBOUÉ;92130;ISSY-LES-MOULINEAUX;48.825398,2.26804
L'Aviation;dimanche;2 RD-PT VICTOR HUGO;92130;ISSY-LES-MOULINEAUX;48.828255,2.273399
Tabac Saint-Germain;dimanche;3 CORS DE L'ANCIENNE BOULANGERIE;92130;ISSY-LES-MOULINEAUX;48.82513,2.25847
Le Porte Plume;dimanche;58 AV. VICTOR CRESSON;92130;ISSY-LES-MOULINEAUX;48.822292,2.26618
Hall de Presse;dimanche;1 R. AUGUSTE GERVAIS;92130;ISSY-LES-MOULINEAUX;48.823825,2.272985
Au Départ;dimanche;251 AV JEAN JAURÈS;92140;CLAMART;48.813429,2.271821
Le Temps de Lire;dimanche;9 ROUTE DU PAVÉ BLANC;92140;CLAMART;48.784974,2.237982
Le Maryland;lundi;62 AV. JEAN JAURÈS;92140;CLAMART;48.803737,2.265857
Mag Presse;dimanche;116 BD DE LATTRE DE TASSIGNY;92150;SURESNES;48.866913,2.216705
Le Rond Point;dimanche;39 AV. ÉDOUARD VAILLANT;92150;SURESNES;48.863443,2.211905
Le Chiquito;dimanche;5 R. DES BAS ROGERS;92150;SURESNES;48.87965,2.235618
J'ai du bon Tabac;dimanche;1 AV. ARISTIDE BRIAND;92160;ANTONY;48.753581,2.30498
Le Maryland;mercredi;24  RUE DE LA RÉPUBLIQUE;92170;VANVES;48.820509,2.285846
A Rabelais;dimanche;32 R. DE LA RÉPUBLIQUE;92190;MEUDON;48.807926,2.235996
Le Madrilène;dimanche;197  AV. CHARLES DE GAULLE;92200;NEUILLY-SUR-SEINE;48.884288,2.260883
La Royale;dimanche;91 R. PERRONET;92200;NEUILLY-SUR-SEINE;48.88697,2.270318
Le Winston;dimanche;91 AV. DU ROULE;92200;NEUILLY-SUR-SEINE;48.88324,2.273638
Le Brazza;dimanche;13 R. DU CHÂTEAU;92200;NEUILLY-SUR-SEINE;48.886151,2.26116
Le havane;dimanche;63 AV. DES GRÉSILLONS;92230;GENNEVILLIERS;48.915215,2.30178
Le Cyrano;dimanche;6 PL. DE LA GARE DES VALLÉES;92250;LA GARENNE-COLOMBES;48.913179,2.257726
Librairie  Papeterie;dimanche;3 PL. DE L'ÉGLISE;92260;FONTENAY-AUX-ROSES;48.790674,2.290001
ETOILE;0;323 AVENUE D'ARGENTEUIL;92270;BOIS-COLOMBES;48.92458,2.274857
Le Longchamp;dimanche;99 AV. DE LA DIVISION LECLERC;92290;CHÂTENAY-MALABRY;48.76226,2.282113
Le Rallye Villiers;dimanche;3 PL. DE LA LIBÉRATION;92300;LEVALLOIS-PERRET;48.893537,2.276638
Le Lutétia;dimanche;75 R. VICTOR HUGO;92300;LEVALLOIS-PERRET;48.895846,2.296506
Café des Sports;mercredi;70 AV. GALOIS;92340;BOURG-LA-REINE;48.776685,2.323328
Pro-Itech;mercredi;8 R. SAINT-EXUPÉRY;92360;MEUDON-LA-FORÊT;48.788345,2.227376
Bar le Brazza;0;102 AVENUE MARCEAU;92400;COURBEVOIE;48.901898,2.243556
Le Chiquito;dimanche;3 R. DE COLOMBES;92400;COURBEVOIE;48.897428,2.256384
Le Rapide;dimanche;31 R. D'ANJOU;92600;ASNIÈRES-SUR-SEINE;48.905487,2.282798
Le Rénitas;dimanche;102 AV. D'ARGENTEUIL;92600;ASNIÈRES-SUR-SEINE;48.91489,2.283117
La Belle Colombes;lundi;125 AV. DE STALINGRAD;92700;COLOMBES;48.931824,2.266467
L'Euphrate;dimanche;34 BD EDGAR QUINET;92700;COLOMBES;48.924644,2.247732
Tabac des 4 Temps;dimanche;CCIAL LES 4 TEMPS;92800;PUTEAUX;48.890133,2.238129
Civette de Puteaux;dimanche;65 QUAI DE DION-BOUTON;92800;PUTEAUX;48.885756,2.251379
Le Totem;dimanche;81 AV DU GÉN. DE GAULLE;92800;PUTEAUX;48.886588,2.231546
Tabac Presse Boutout;dimanche;7 PLACE DES NATIONS UNIES;93000;BOBIGNY;48.912134,2.467599
Le Saint-Laurent;0;64 BD ROUGET DE L'ISLE;93100;MONTREUIL;48.858472,2.436994
Le Villiers;dimanche;100 AV. PASTEUR;93100;MONTREUIL;48.867377,2.434687
Le Pavillon;dimanche;2 R. DU GÉNÉRAL LECLERC;93110;ROSNY-SOUS-BOIS;48.871022,2.486817
Civette Rosny 2;dimanche;2 AV. DU GÉNÉRAL DE GAULLE;93110;ROSNY-SOUS-BOIS;48.874461,2.482428
Tabac Le Muratti;dimanche;2 AV. JEAN MERMOZ;93120;LA COURNEUVE;48.931972,2.399692
Le Pasteur;dimanche;138 AVENUE PASTEUR;93150;LE BLANC-MESNIL;48.940316,2.471032
Le Globe;lundi;27 AVENUE PIERRE ET MARIE CURIE;93150;LE BLANC-MESNIL;48.93593,2.460385
L‘européen;dimanche;CCIAL DU CHAMPY-9 ALL BAT HILDEVERT;93160;NOISY-LE-GRAND;48.843433,2.577993
Le Lonchamps;dimanche;69 AV. DU MARÉCHAL LECLERC;93190;LIVRY-GARGAN;48.919106,2.537771
Tabac-Presse;dimanche;2 R. GASTON PHILIPPE;93200;SAINT-DENIS;48.93872,2.350888
Au Maryland;mercredi;34 RUE GABRIEL PÉRI;93200;SAINT-DENIS;48.93293,2.35559
Tabac du Chesnay;dimanche;13 PLACE TAVARNELLE;93220;GAGNY;48.877777,2.552547
Le Carnot;dimanche;1 AV. DE VERDUN;93230;ROMAINVILLE;48.883674,2.440312
Tabac de L'Europe;dimanche;77 AVENUE DE ROSNY;93250;VILLEMOMBLE;48.883828,2.500399
Le Real;dimanche;63 RUE DU MOUTIER;93300;AUBERVILLIERS;48.915291,2.377192
Le Pont de Stains;dimanche;98 R. SADI CARNOT;93300;AUBERVILLIERS;48.908383,2.378498
Tabac de L'église;mercredi;132 AV. ARISTIDE BRIAND;93320;LES PAVILLONS-SOUS-BOIS;48.90912,2.503173
Au Tabac La Fourche;dimanche;29 AV. ARISTIDE BRIAND;93320;LES PAVILLONS-SOUS-BOIS;48.908112,2.494864
Le Longchamp;dimanche;CCIAL LES FAUVETTES;93330;NEUILLY-SUR-MARNE;48.871713,2.531863
Tabac les Rosiers;dimanche;56 R. DES ROSIERS;93400;SAINT-OUEN;48.905617,2.336652
Le Maryland;dimanche;62 R. DU DR BAUER;93400;SAINT-OUEN;48.908644,2.339573
Café De La Gare;dimanche;10 PLACE DE LA GARE;93420;VILLEPINTE;48.944866,2.566381
Le New Rallye;dimanche;10 ROUTE DE SAINT LEU;93430;VILLETANEUSE;48.949617,2.342215
Le Saint Claude;dimanche;54 AV. JEAN LOLIVE;93500;PANTIN;48.890976,2.402011
Paris-Lille;dimanche;36 AV. DU CIMETIÈRE PARISIEN;93500;PANTIN;48.909289,2.398667
Presse du Quartier;0;6 R. LÉON;93600;AULNAY-SOUS-BOIS;48.950238,2.497866
Le Quai de Gare;dimanche;206 R. ANATOLE FRANCE;93700;DRANCY;48.933464,2.455682
Tabac des Preles;dimanche;65 AV. DE LA MARNE;93800;ÉPINAY-SUR-SEINE;48.955182,2.326586
Le Cygne d'Enghien;lundi;132 AV. JOFFRE;93800;ÉPINAY-SUR-SEINE;48.96171,2.295435
Maison Campana;dimanche;1 R. DE MESLY - CCIAL;94000;CRÉTEIL;48.791562,2.460336
La Civette;dimanche;107  AV. DU GÉN. DE GAULLE;94000;CRÉTEIL;48.797992,2.448226
La Bonne Fortune;dimanche;65 AV. FRANÇOIS MITTERRAND;94000;CRÉTEIL;48.768934,2.465854
Tabac - Presse;dimanche;11 AV. DU GÉN. PIERRE BILLOTTE;94000;CRÉTEIL;48.775006,2.456709
Totem;dimanche;27 R. DE FALKIRK;94000;CRÉTEIL;48.771807,2.459862
Café du bonheur;mardi;63 R. CHÉRET;94000;CRÉTEIL;48.802827,2.460253
Tabac du Marché;dimanche;9 R. BOBILLOT;94100;SAINT-MAUR-DES-FOSSÉS;48.806872,2.473192
Le Gambetta;dimanche;1 PL. DE RIMINI;94100;SAINT-MAUR-DES-FOSSÉS;48.793756,2.496522
Le Chaperon Vert;jeudi;14 AV. DU CHAPERON VERT;94110;ARCUEIL;48.812723,2.334461
Ambiance J;dimanche;1 CCIAL DU VAL DE FONTENAY;94120;FONTENAY-SOUS-BOIS;48.85315,2.487291
Le Vaillant;dimanche;122 R. EDOUARD VAILLANT;94140;ALFORTVILLE;48.808117,2.419049
Le Perroquet Vert;dimanche;123 R. PAUL VAILLANT-COUTURIER;94140;ALFORTVILLE;48.80844,2.417739
Le Tom Tip;dimanche;48 R. ETIENNE DOLET;94140;ALFORTVILLE;48.795911,2.425072
La Plume Cévenole;dimanche;139 AVENUE DU GÉNÉRAL DE GAULLE;94170;LE PERREUX-SUR-MARNE;48.843031,2.503545
Bar-Tabac Le Start;dimanche;219 AVENUE PIERRE BROSSOLETTE;94170;LE PERREUX-SUR-MARNE;48.834237,2.51619
Le Maryland;dimanche;27 BD.D' ALSACE-LORRAINE;94170;LE PERREUX-SUR-MARNE;48.848751,2.494978
Le Longchamp;mercredi;34 AV. DE VERDUN;94200;IVRY-SUR-SEINE;48.812904,2.370176
L'Etincelle;0;82 BD PAUL VAILLANT COUTURIER;94200;IVRY-SUR-SEINE;48.816907,2.39924
Civette de la coupol;dimanche;CCIAL 3 PL. DES MARSEILLAIS;94220;CHARENTON-LE-PONT;48.826213,2.405888
Tabac de la Mairie;dimanche;11 PL. GAMBETTA;94230;CACHAN;48.794886,2.335077
Le Royal;dimanche;9 R. DE CHEVILLY;94240;L'HAŸ-LES-ROSES;48.776315,2.340882
La Cerisaie;jeudi;5 ALL. DES FLEURS;94260;FRESNES;48.754482,2.327438
Tabac Brazza;samedi;28 AV. EUGÈNE THOMAS;94270;LE KREMLIN-BICÊTRE;48.80998,2.358727
Le Royal;dimanche;140 R. DE LA JARRY;94300;VINCENNES;48.849811,2.450741
Le Drapeau;dimanche;18 AV. DE PARIS;94300;VINCENNES;48.844935,2.436097
Le Berry;dimanche;64 BOULEVARD DE LA LIBÉRATION;94300;VINCENNES;48.847769,2.44641
Le St-Exupéry;dimanche;14 VOIE DES SAULES;94310;ORLY;48.746842,2.415416
Bar du Marché;dimanche;9 PL. DU MARCHÉ;94320;THIAIS;48.764929,2.390947
Le Joinville;dimanche;3 AVENUE JEAN JAURÈS;94340;JOINVILLE-LE-PONT;48.820917,2.4644
Tabac De La Gare;dimanche;12 PLACE DE LA GARE;94350;VILLIERS-SUR-MARNE;48.823523,2.541998
Le Rallye;dimanche;77 RUE DU GÉNÉRAL DE GAULLE;94350;VILLIERS-SUR-MARNE;48.82746,2.543043
Maxi Tabac;dimanche;17BIS AV. MAXIMILIEN ROBESPIERRE;94400;VITRY-SUR-SEINE;48.791075,2.388044
Le Nemrod;dimanche;124 R. JULIAN GRIMAU;94400;VITRY-SUR-SEINE;48.777225,2.377343
Clair de Plume;dimanche;34 AV. YOURI GAGARINE - C.CIAL;94400;VITRY-SUR-SEINE;48.785241,2.392054
Eliyah;dimanche;2 R. EUGÈNE HENAFF (C. CIAL );94400;VITRY-SUR-SEINE;48.794313,2.416078
Le Village;dimanche;18 R. ADRIEN DAMALIX;94410;SAINT-MAURICE;48.821316,2.422028
Royal St Maurice;lundi;56TER AV.MAR. DE LATTRE DE TASSIGNY;94410;SAINT-MAURICE;48.822724,2.420038
Au Scribe;dimanche;18 RUE ALBERT THOMAS;94500;CHAMPIGNY-SUR-MARNE;48.811802,2.510741
Le Balto;dimanche;190 BOULEVARD DE STALINGRAD;94500;CHAMPIGNY-SUR-MARNE;48.823863,2.496405
Tabac de la Tour;dimanche;15 R. DE LA TOUR;94550;CHEVILLY-LARUE;48.762184,2.360419
Le Stalingrad;dimanche;58 BD DE STALINGRAD;94600;CHOISY-LE-ROI;48.771381,2.401004
Au Presse Papier;dimanche;202 R. JEAN JAURÈS;94700;MAISONS-ALFORT;48.793663,2.4341
Tabac Géorgie;dimanche;26 BD HÉLOISE;95100;ARGENTEUIL;48.942463,2.253589
La Divette;0;61 R. PAUL VAILLANT COUTURIER;95100;ARGENTEUIL;48.944526,2.251537
Tabac du Vieux Pays;dimanche;17 RUE DE VERDUN;95140;GARGES-LÈS-GONESSE;48.967493,2.411154
La Tabatière;dimanche;4 PLACE DE LA LIBÉRATION;95200;SARCELLES;48.99612,2.378001
Le Maracana;dimanche;35 RUE DU GÉNÉRAL LECLERC;95500;GONESSE;48.987182,2.446824
La Carotte la Plume;dimanche;1 AVENUE GEORGES POMPIDOU;95500;GONESSE;48.990693,2.431018
Vélocivette;dimanche;22 R.TURBIGO;75002;PARIS;48.864151,2.350775
Le Losange;dimanche;150 R. SAINT-DENIS;75002;PARIS;48.865595,2.350669
Le Troquet du Temple;dimanche;9 R. DU TEMPLE;75004;PARIS;48.857845,2.352783
Tabac des Vosges;lundi;25 RUE DE TURENNES;75004;PARIS;48.856296,2.364065
Civette Bastille;dimanche;4 R. DE LA BASTILLE;75004;PARIS;48.853777,2.367786
Tabac de la Sorbonne;dimanche;7 PL. DE LA SORBONNE;75005;PARIS;48.848625,2.341815
Tabac St-Germain;dimanche;64 R. DE SEINE;75006;PARIS;48.853246,2.336922
Civette Rennes;dimanche;111 R. DE RENNES;75006;PARIS;48.848425,2.328418
Café de l'Université;dimanche;151 R. DE L'UNIVERSITÉ;75007;PARIS;48.861069,2.305296
L'Ariel;dimanche;20 R. DES MARTYRS;75009;PARIS;48.877938,2.339645
Café Drouot;0;10 R. DROUOT ANGLE 4R. ROSSINI;75009;PARIS;48.873175,2.339193
Les Volcans;dimanche;105 R. DU FBG POISSONNIÈRE;75009;PARIS;48.877525,2.349071
Le Lutétia;dimanche;156 R. LA FAYETTE;75010;PARIS;48.879241,2.356939
Vallée des Vinales;dimanche;262 R. DU FAUBOURG ST-MARTIN;75010;PARIS;48.882974,2.367683
Le Lutétia;dimanche;47 RUE DE LA GRANGE AUX BELLES;75010;PARIS;48.875988,2.368073
Le Jean Bart;dimanche;129 R. DU FAUBOURG DU TEMPLE;75010;PARIS;48.871631,2.375553
Le Balto;dimanche;125 BD. DE MAGENTA;75010;PARIS;48.880313,2.35212
Tabac Saint-Antoine;dimanche;203 R. DU FAUBOURG SAINT-ANTOINE;75011;PARIS;48.850528,2.382541
Tabac Du Canon;dimanche;2 PLACE DE LA NATION;75012;PARIS;48.848428,2.394171
Le Narval;0;247 R. DE CHARENTON;75012;PARIS;48.836547,2.391945
TABAC DIDO;dimanche;113 RUE DE CHARENTON;75012;PARIS;48.846652,2.378803
Le Disque Bleu;dimanche;23 R. DE WATTIGNIES;75012;PARIS;48.836464,2.394074
Le Virginie;dimanche;1 R. DE REUILLY;75012;PARIS;48.84971,2.385094
Tabac - Presse;dimanche;156 R. DE TOLBIAC;75013;PARIS;48.826115,2.354092
Librairie Blanqui 13;dimanche;85 R.AUGUSTE BLANQUI;75013;PARIS;48.830849,2.367921
Korum-Café;dimanche;12  R. NEUVE TOLBIAC;75013;PARIS;48.831872,2.378738
Pourquoi Pas;dimanche;136 AV. D'ITALIE;75013;PARIS;48.823268,2.357873
Tabac des Olympiades;mercredi;66  AV. D'IVRY;75013;PARIS;48.824302,2.363909
Le Tabaclub;dimanche;45 AV D'ITALIE;75013;PARIS;48.827251,2.357226
Le Marigny;dimanche;92 R. DIDOT;75014;PARIS;48.828222,2.315687
Tabac des Plantes;dimanche;36/38 R. DES PLANTES;75014;PARIS;48.829598,2.32281
Le Maryland;dimanche;108 R. DIDOT;75014;PARIS;48.826489,2.313133
La Sablière;dimanche;32 R. DE LA SABLIÈRE;75014;PARIS;48.832148,2.322133
Le Rallye;dimanche;29 R. CAMBRONNE;75015;PARIS;48.84578,2.302092
La Gitane;dimanche;47 BD DE GRENELLE;75015;PARIS;48.851729,2.291886
Le Celtic;dimanche;1 R. MADEMOISELLE;75015;PARIS;48.843588,2.293499
Le Balard;dimanche;3 PL. BALARD;75015;PARIS;48.836918,2.279066
La Vitole;dimanche;126 BD MURAT;75016;PARIS;48.83717,2.259019
Tabac de la Mairie;dimanche;66 R. DE LA POMPE;75016;PARIS;48.863069,2.276575
La Civette d'Auteuil;dimanche;37 R. CHANEZ;75016;PARIS;48.845507,2.259036
Tabac de la Tour;0;51 RUE DE LA TOUR;75016;PARIS;48.860579,2.280302
Tabac du Dôme;dimanche;24 R. LAURISTON;75016;PARIS;48.871192,2.2919
Le Franklin;dimanche;4 R. BENJAMIN FRANKLIN;75016;PARIS;48.859012,2.28496
A Jean Bart;samedi;2 R. JOUFFROY D'ABBANS;75017;PARIS;48.887297,2.313416
Le Maillot;dimanche;78 AV. DE LA GRANDE ARMÉE;75017;PARIS;48.87742,2.284714
Tabac - Presse;dimanche;68 R. DU POTEAU;75018;PARIS;48.895506,2.339983
Tabac La Comète;dimanche;50 R. MARX DROMOY;75018;PARIS;48.887733,2.360015
Le Vizir;dimanche;173 R. ORDENER;75018;PARIS;48.893419,2.337175
Le Celtic;dimanche;104 AV. DE SAINT-OUEN;75018;PARIS;48.894168,2.328003
Tabac Forest;0;5 R. FOREST;75018;PARIS;48.885101,2.329275
Tabac Antenne 19;dimanche;2 R. MOUZAIA;75019;PARIS;48.879965,2.39056
Village des Fêtes;dimanche;15/17 R. HENRI RIBIÈRE;75019;PARIS;48.87705,2.395497
Le Bergerac;mardi;178 AV. JEAN JAURÈS;75019;PARIS;48.887739,2.38974
Tabac L'Horloge;dimanche;212 AV. JEAN JAURÈS;75019;PARIS;48.888583,2.392973
Le Capitole;dimanche;269 RUE DES PYRÉNÉES;75020;PARIS;48.867351,2.396392
Le Voltigeur;dimanche;136 RUE DES COURONNES;75020;PARIS;48.87259,2.389466
Le Baccara;dimanche;66 RUE DE BELLEVILLE;75020;PARIS;48.873459,2.38326
Le Vingtième;0;82 RUE BELGRAND;75020;PARIS;48.864487,2.408181
Tabac PENG;lundi;0 AV.DE LA RÉPUBLIQUE C.CIAL2000;77340;PONTAULT-COMBAULT;48.802577,2.61104
Le Papyrus;dimanche;CCIAL ROUTE DE MONTFERMEIL;77500;CHELLES;48.888603,2.583435
Librairie des Indes;dimanche;CCIAL CARREFOUR - R. MAURICE THOREZ;78500;SARTROUVILLE;48.945411,2.201685
Le Balto;dimanche;42 AV. DE STALINGRAD;91120;PALAISEAU;48.715051,2.256335
Tabac - Presse;mercredi;48 AV. JEAN MERMOZ;91170;VIRY-CHÂTILLON;48.65886,2.367256
Tabac de la Mairie;lundi;2 PL. DE L'EGLISE;91200;ATHIS-MONS;48.708284,2.389184
Le Rothenburg;dimanche;1/3 PL. DE ROTHENBURG;91200;ATHIS-MONS;48.712454,2.402716
Le Fontenoy;dimanche;34 AV. FRANÇOIS MITTERRAND;91200;ATHIS-MONS;48.70056,2.372019
La Civette;dimanche;18 BD DU MARÉCHAL JUIN;91370;VERRIÈRES-LE-BUISSON;48.752871,2.272576
Tabac - Presse;dimanche;1 PL. DE LA LIBÉRATION -C.CIAL;91380;CHILLY-MAZARIN;48.702653,2.321128
La Civette du Pont;dimanche;253 BD JEAN JAURÈS;92100;BOULOGNE-BILLANCOURT;48.827029,2.247359
Le Havane;dimanche;50 AV. JEAN-BAPTISTE CLÉMENT;92100;BOULOGNE-BILLANCOURT;48.845528,2.235982
Le  Lutétia;dimanche;27 AV. JEAN BAPTISTE CLÉMENT;92100;BOULOGNE-BILLANCOURT;48.846598,2.238835
Tabac de la Mairie;dimanche;83 BD JEAN JAURÈS;92110;CLICHY;48.902304,2.304219
Le Disque Bleu;dimanche;68  AV. HENRI GINOUX;92120;MONTROUGE;48.817018,2.321553
Le Gaulois;dimanche;101 AV. DE LA RÉPUBLIQUE;92120;MONTROUGE;48.814031,2.316925
Espace Tabac;dimanche;19 R. JEAN-PIERRE TIMBAUD;92130;ISSY-LES-MOULINEAUX;48.819639,2.249811
La Civette;dimanche;1 R. PAUL VAILLANT COUTURIER;92140;CLAMART;48.801432,2.266724
Tabac Le Versailles;dimanche;16 R. DE VERSAILLES;92140;CLAMART;48.782868,2.247841
Le Charles X;mercredi;100 R. DE LA LIBERTÉ;92150;SURESNES;48.879591,2.219065
Civette Saint-Claude;dimanche;4 PL. DU GÉNÉRAL LECLERC;92150;SURESNES;48.869267,2.227485
Tabac de la Gare;dimanche;2 R. MERLIN DE THIONVILLE;92150;SURESNES;48.868101,2.221926
Seventeen;samedidimanche;17BIS R. MARCEL ALLEGOT;92190;MEUDON;48.821127,2.227741
Café de la Gare;dimanche;19 R. BANES;92190;MEUDON;48.808145,2.24094
Tabac de la Colline;dimanche;37 R. D'ORLÉANS;92210;SAINT-CLOUD;48.842155,2.2193
Kiosque à Journaux;dimanche;65 BD DE LA RÉPUBLIQUE;92210;SAINT-CLOUD;48.846157,2.213764
Le Bretagne;dimanche;2 R. DE LA RÉPUBLIQUE;92220;BAGNEUX;48.795881,2.301736
Le Paris Rome;lundi;11 AV. LOUIS PASTEUR;92220;BAGNEUX;48.799974,2.318413
Le Mozart;0;11 BIS RUE MOZART;92230;GENNEVILLIERS;48.92874,2.285148
Librairie - Presse;dimanche;29 BD DE STALINGRAD;92240;MALAKOFF;48.814569,2.286854
Le Montana;0;21TER BD STALINGRAD;92240;MALAKOFF;48.81134,2.29515
Hotel de Ville Café;dimanche;12 RD-PT DU SOUVENIR FRANÇAIS;92250;LA GARENNE-COLOMBES;48.906042,2.248219
Le Louis XV;samedi;31 B. R. DES BOURGUIGNONS;92270;BOIS-COLOMBES;48.913498,2.273143
Le Maryland;0;139 R. VICTOR HUGO;92270;BOIS-COLOMBES;48.919315,2.2675
Le Tabac de l'Ouest;dimanche;43 R. D'ALSACE;92300;LEVALLOIS-PERRET;48.893169,2.298706
Le Petit Flore;dimanche;6 R. CROIX DES PETITS CHAMPS;75001;PARIS;48.862537,2.33947
Le Pavé des Gardes;lundi;38 ROUTE DU PAVÉ DES GARDES;92310;SÈVRES;48.811491,2.210634
Le Ventadour;dimanche;46 R. DES PETITS-CHAMPS;75002;PARIS;48.867345,2.334511
Café de la Mairie;dimanche;1 R. DE LA GARE;92320;CHÂTILLON;48.800194,2.289496
Le Havane;dimanche;102 R. MONTORGUEIL;75002;PARIS;48.866266,2.347236
Le Patio;dimanche;5 R. DU DOCTEUR ROUX;92330;SCEAUX;48.784828,2.302126
La Tabatière;dimanche;17 BD MONTMARTRE;75002;PARIS;48.871668,2.340933
Tabac Le Joli Mai;dimanche;29 AV. DU GÉNÉRAL DE GAULLE;92360;MEUDON-LA-FORÊT;48.787493,2.227336
le Saint-louis;dimanche;37 R. DES DEUX PONTS;75004;PARIS;48.852331,2.356874
Tabac de la Paix;dimanche;766 AV. ROGER SALENGRO;92370;CHAVILLE;48.814585,2.192889
La Corona;dimanche;21 BD SAINT-MICHEL;75005;PARIS;48.851536,2.343466
Les Arcades;dimanche;4  R. ATHIME RUÉ;92380;GARCHES;48.844787,2.187246
Café Lilou;dimanche;62 BD DU PORT ROYAL.;75005;PARIS;48.837788,2.345713
L'Européen;dimanche;165 BD DE VERDUN;92400;COURBEVOIE;48.90511,2.256026
Le Week End;dimanche;36 R. GAY LUSSAC;75005;PARIS;48.844376,2.341855
La Tabatière;dimanche;58 AV. DE FOUILLEUSE;92500;RUEIL-MALMAISON;48.862272,2.195082
Tabac de la Mutualit;samedi;13 R. MONGE;75005;PARIS;48.848302,2.35048
Le Balto;dimanche;66 R. DE LA SABLIÈRE;92600;ASNIÈRES-SUR-SEINE;48.906154,2.268515
Le Mirbel;dimanche;4 R. DE MIRBEL;75005;PARIS;48.840814,2.352396
Le Voltaire;dimanche;22 BD VOLTAIRE;92600;ASNIÈRES-SUR-SEINE;48.912274,2.296486
Collège de France;dimanche;21 R. JEAN DE BEAUVAIS;75005;PARIS;48.848944,2.346622
Le Régence;dimanche;76 AV. HENRI BARBUSSE;92700;COLOMBES;48.917978,2.252573
Tabac Saint-Michel;0;22 R. SAINT-ANDRÉ DES ARTS;75006;PARIS;48.853293,2.342885
Le Mondial;dimanche;8 PL. LOUIS ARAGON;92700;COLOMBES;48.915136,2.229239
Côté Tabac;dimanche;20 R. LITTRÉ;75006;PARIS;48.844776,2.324177
Tabac aux sports;dimanche;41 R. SAINT-DENIS;92700;COLOMBES;48.923802,2.255976
Tabac de la Mairie;dimanche;114 R. DE GRENELLE;75007;PARIS;48.85675,2.320421
Librairie Du Lycée;dimanche;76 RUE DE ROSNY;93100;MONTREUIL;48.86322,2.44913
Le Rocher St-Lazare;dimanche;5 BIS R. DU ROCHER;75008;PARIS;48.875662,2.323123
La Paix;mercredi;148 RUE DES RUFFINS;93100;MONTREUIL;48.861075,2.474454
Le Liège;dimanche;45 R. D'AMSTERDAM;75008;PARIS;48.879508,2.326944
Le Magagnou;dimanche;35 AVENUE GALLIENI;93130;NOISY-LE-SEC;48.899733,2.464547
L' Espace Tabac;dimanche;1 R. CLAPEYRON;75008;PARIS;48.880992,2.324397
Tabac du Centre;dimanche;64 R. JULES GUESDE;93140;BONDY;48.903278,2.479499
Le Dunhill;dimanche;38 R. DE ROCHECHOUART;75009;PARIS;48.879073,2.345651
Librairie Molière;dimanche;CCIAL AVENUE LOUISE MICHEL;93150;LE BLANC-MESNIL;48.923032,2.475532
Le Cigarium;dimanche;5 R. GODOT DE MAUROY;75009;PARIS;48.870541,2.326691
Les copains;dimanche;213 AVENUE PAUL VAILLANT-COUTURIER;93150;LE BLANC-MESNIL;48.923985,2.462867
Civette Trinité;samedi;69 R. SAINT LAZARE;75009;PARIS;48.876773,2.332965
Tabac-Presse Kosan;dimanche;15 BOULEVARD DU MARÉCHAL FOCH;93160;NOISY-LE-GRAND;48.845841,2.529472
Le Royal Strasbourg;dimanche;34 BD. DE STRASBOURG;75010;PARIS;48.872057,2.356027
Le Fontenoy;dimanche;17 PLACE DE LA LIBÉRATION;93190;LIVRY-GARGAN;48.922646,2.543871
Le Coq D'Or;dimanche;88 RUE DU FAUBOURG SAINT-MARTIN;75010;PARIS;48.87268,2.357866
Le Cyrano;lundi;39 RUE EUGÈNE MASSE;93190;LIVRY-GARGAN;48.925854,2.544992
La Petite Etincelle;dimanche;38 BD. BEAUMARCHAIS;75011;PARIS;48.856437,2.36861
Le Royal Club;0;222 AVENUE DU PRÉSIDENT WILSON;93210;SAINT-DENIS;48.91319,2.357899
La Royale Civette;dimanche;164 RUE DE LA ROQUETTE;75011;PARIS;48.858629,2.384459
Le Narval;dimanche;95 AVENUE JULES GUESDE;93240;STAINS;48.964561,2.388724
Le Totem;dimanche;96 BOULEVARD DIDEROT;75012;PARIS;48.84708,2.384724
Le Calumet;dimanche;76 R. DE PARIS;93260;LES LILAS;48.879169,2.414262
Les Arcades;dimanche;68 AV. DAUMESNIL;75012;PARIS;48.844813,2.380112
Le Jean Bart;dimanche;159  RUE DE PARIS;93260;LES LILAS;48.880568,2.41853
Le Saint-Claude;dimanche;101 R. CLAUDE DECAEN;75012;PARIS;48.838943,2.395944
Le Celtique;0;39 AVENUE DE LA RÉPUBLIQUE;93300;AUBERVILLIERS;48.911021,2.384993
Le St-Mandé;dimanche;82 AV. DE ST MANDÉ;75012;PARIS;48.844525,2.405023
Civette de Pavillons;0;116 AV.JEAN JAURES;93320;LES PAVILLONS-SOUS-BOIS;48.904287,2.50449
Le Muratis;dimanche;2 RUE DE LYON;75012;PARIS;48.846011,2.372515
Civette De La Mairie;lundi;10 PLACE DU CHANOINE HEROUX;93330;NEUILLY-SUR-MARNE;48.856412,2.532512
Le Dugommier;dimanche;240 R. DE CHARENTON;75012;PARIS;48.838495,2.389599
La Civette du Raincy;lundi;8 PL. DU GÉNÉRAL DE GAULLE;93340;LE RAINCY;48.890047,2.512021
La Glacière;lundi;89 R. DE LA GLACIÈRE;75013;PARIS;48.833081,2.34449
Le Fontenoy;lundi;134 AV. DE LA RÉSISTANCE;93340;LE RAINCY;48.898954,2.51733
L'Ariel;dimanche;242 R. DE TOLBIAC;75013;PARIS;48.826479,2.342164
Le Boyard;dimanche;2 AV. MICHELET;93400;SAINT-OUEN;48.913826,2.344049
Le Jeanne d' Arc;dimanche;2 R. JEANNE D'ARC;75013;PARIS;48.828818,2.369849
Villa Picta;dimanche;4 AVENUE DU PARC DE LA NOUE;93420;VILLEPINTE;48.958982,2.543335
Tabac Store 65;dimanche;65 BD KELLERMANN;75013;PARIS;48.820546,2.350003
Le Balto;lundi;229 AVENUE JEAN JAURÈS;93700;DRANCY;48.915475,2.460007
Tabac Presse Loto;dimanche;10 PL. PINEL;75013;PARIS;48.833593,2.361861
Le Celtique;dimanche;1 BD. PAUL VAILLANT COUTURIER;93700;DRANCY;48.923256,2.446339
Tabac - Presse;dimanche;129 BD MASSÉNA;75013;PARIS;48.819006,2.361842
Tabac Le Village;lundi;3 R. PAUL-FRANÇOIS AVET;94000;CRÉTEIL;48.792469,2.463671
Le Rallye;dimanche;64 R. DE TOLBIAC;75013;PARIS;48.827397,2.368612
Tabac - Presse;dimanche;8  BD MONTAIGUT;94000;CRÉTEIL;48.791098,2.445051
Le Rond Point;dimanche;32 R.VERGNIAUD;75013;PARIS;48.828064,2.345543
Le Diplomate;mardi;103 R. DU GÉN LECLERC;94000;CRÉTEIL;48.789604,2.46622
Le Naguère;dimanche;66 R. DAGUERRE;75014;PARIS;48.835243,2.326303
Le Brazza;dimanche;186 GRANDE RUE CHARLES DE GAULLE;94130;NOGENT-SUR-MARNE;48.838207,2.493044
Tabac de la Mairie;dimanche;165 AV. DU MAINE;75014;PARIS;48.832924,2.32505
Le Centre Ville;dimanche;25 PL. SALVADOR ALLENDE;94140;ALFORTVILLE;48.80526,2.415105
Le Flash;dimanche;47 R. BOULARD;75014;PARIS;48.832138,2.327646
Le Bergerac;mercredi;108 R. ETIENNE DOLET;94140;ALFORTVILLE;48.790207,2.42575
La Civette 14;dimanche;141 R. RAYMOND LOSSERAND;75014;PARIS;48.831477,2.313695
Tabac de l‘avenue;0;48 BOULEVARD DE LA LIBERTÉ;94170;LE PERREUX-SUR-MARNE;48.835513,2.497595
Le Brezin;dimanche;6 R. BREZIN;75014;PARIS;48.83104,2.32875
Tabac du Parc;dimanche;48 AVENUE LEDRU ROLLIN;94170;LE PERREUX-SUR-MARNE;48.841036,2.498192
Le Saint-Laurent;0;55 R. DU PÈRE CORENTIN;75014;PARIS;48.824373,2.328309
Tabac Presse des HBM;dimanche;4 R. DE BRIQUEBEC;94190;VILLENEUVE-SAINT-GEORGES;48.740227,2.453532
Tabac du Dôme;0;108 BD DU MONTPARNASSE;75014;PARIS;48.842053,2.328799
Les Sports;dimanche;96 AV. DE VERDUN;94200;IVRY-SUR-SEINE;48.806916,2.374875
Le Comptoir du Parc;dimanche;20 R. CAUCHY;75015;PARIS;48.84279,2.27639
L'Aubrac;dimanche;1 AV. DU MAR. DE LATTRE DE TASSIGNY;94220;CHARENTON-LE-PONT;48.818551,2.419547
L'Ariel;dimanche;197 R. LECOURBE;75015;PARIS;48.84039,2.295655
Le Dispan;dimanche;3 R. DISPAN;94240;L'HAŸ-LES-ROSES;48.778991,2.338626
Le Chiquito;dimanche;112 R. ST-CHARLES;75015;PARIS;48.844916,2.283944
Tabac des Roses;lundi;106 108 R. DE BICÊTRE;94240;L'HAŸ-LES-ROSES;48.776874,2.354341
Le Drugstore;dimanche;112 R. LAURISTON;75016;PARIS;48.86597,2.285947
Le Marigny;dimanche;26 AV. DE FONTAINEBLEAU;94270;LE KREMLIN-BICÊTRE;48.81445,2.360655
Le Balto;dimanche;63  AV. DE LA GRANDE ARMÉE;75016;PARIS;48.876101,2.286589
Tabac La Plume Verte;dimanche;25 AV. CHARLES GIDE;94270;LE KREMLIN-BICÊTRE;48.806977,2.353682
Tabac des Sablons;dimanche;30 R. GREUZE;75016;PARIS;48.864398,2.282632
Zounina;dimanche;16 BD CHASTENAY DE GERY;94270;LE KREMLIN-BICÊTRE;48.805973,2.357872
Mille et une Feuille;dimanche;139  BIS AV. DE VERSAILLES;75016;PARIS;48.842241,2.268267
Le Marigny;dimanche;65 RUE DE FONTENAY;94300;VINCENNES;48.84809,2.438244
Le Mirabeau;dimanche;2 R. MIRABEAU;75016;PARIS;48.847274,2.272876
Emy Café;dimanche;0 CENTRE COMMERCIAL BELLE EPINE;94320;THIAIS;48.756509,2.371928
Tabac de l'empire;0;64 RUE MICHEL ANGE;75016;PARIS;48.842901,2.259811
Le Reinitas;dimanche;6 PL. PAUL FROMENT;94400;VITRY-SUR-SEINE;48.78646,2.402074
Plum2000;0;174 RUE DE LA POMPE;75016;PARIS;48.870864,2.283375
La Platanaie;dimanche;11 PLACE DE VERDUN;94420;LE PLESSIS-TRÉVISE;48.805167,2.584646
Le Voltigeur;dimanche;118 BOULEVARD BERTHIER;75017;PARIS;48.888792,2.30081
Le Marigny;dimanche;4 R. HENRI CRETTE;94550;CHEVILLY-LARUE;48.771443,2.355521
Tabac Le Courcelles;dimanche;94 BD DE COURCELLES;75017;PARIS;48.879218,2.303262
Le Mondial;dimanche;157 B R. JEAN JAURÈS;94700;MAISONS-ALFORT;48.79118,2.435138
Tabac Le Tocqueville;dimanche;55 BD. PEREIRE;75017;PARIS;48.887415,2.307317
La Civette;lundi;29 AV. DE LA RÉPUBLIQUE;94700;MAISONS-ALFORT;48.802441,2.433
Le Narval;dimanche;17 R. DES DAMES;75017;PARIS;48.884807,2.324903
7ème Avenue;dimanche;60 AV. DE PARIS;94800;VILLEJUIF;48.802524,2.364357
Le Niel;0;42 R. PIERRE DEMOURS;75017;PARIS;48.881436,2.295115
Hôtel des Pavillons;lundi;121 BD DU GÉNÉRAL DELAMBRE;95100;ARGENTEUIL;48.934626,2.224701
Le Jouffroy;dimanche;47 R. JOUFFROY D'ABBANS;75017;PARIS;48.885249,2.307637
Tabac de la Basiliqu;dimanche;2 R. HENRI BARBUSSE;95100;ARGENTEUIL;48.941554,2.246816
La Rotonde Hébertine;0;3 PL. HÉBERT;75018;PARIS;48.893073,2.363466
Le Bistrot;dimanche;34 AV. DU MAR. FOCH;95100;ARGENTEUIL;48.9449,2.254942
Le Nouveau Siècle;0;156 AVENUE DE SAINT OUEN;75018;PARIS;48.897365,2.32908
Le Brelan;dimanche;2 BD LÉON FEIX;95100;ARGENTEUIL;48.948756,2.252972
Cépage Montmartrois;dimanche;65 R. CAULAINCOURT;75018;PARIS;48.889611,2.335946
Mag Presse;0;CCIAL 25 ROUTE D'ENGHIEN;95100;ARGENTEUIL;48.956671,2.282884
Le Flash;0;25 BD  ORNANO;75018;PARIS;48.893618,2.347769
Le Vizir;dimanche;10 AV. DE LA DIVISION LECLERC;95170;DEUIL-LA-BARRE;48.966884,2.317732
Divette de Clichy;dimanche;18 AV. DE CLICHY;75018;PARIS;48.884909,2.326951
Tabac de la Mairie;0;5 AVENUE GABRIEL PÉRI;95870;BEZONS;48.927751,2.215166
Le Reinitas;dimanche;18 R. DU POTEAU;75018;PARIS;48.893514,2.342645
Le Calumet;dimanche;9 AV. SECRÉTAN;75019;PARIS;48.882181,2.371337
Le Navigateur;dimanche;103 AV. SIMON BOLIVAR;75019;PARIS;48.878103,2.374019
Tabac La Gitane;dimanche;3 RUE LASSUS;75019;PARIS;48.875278,2.389009
Le Rendez Vous;dimanche;10 BD DE LA VILLETTE;75019;PARIS;48.875155,2.38755
Tabac Le Rallye;dimanche;107 R. MANIN;75019;PARIS;48.883335,2.388061
Le Bolivar;dimanche;125 AV. SIMON BOLIVAR;75019;PARIS;48.880752,2.373745
Tabac d'Eden;dimanche;82 BD. DE BELLEVILLE;75020;PARIS;48.873587,2.384483
Civette de Pelleport;dimanche;127 AVENUE GAMBETTA;75020;PARIS;48.868543,2.401462
L'Aubisque;lundi;113 R. DES PYRÉNÉES;75020;PARIS;48.85604,2.404857
TabacPtedesLilas;dimanche;306 R. DE BELLEVILLE;75020;PARIS;48.87662,2.405023
Le Saint-Germain;dimanche;120 R. DE BAGNOLET;75020;PARIS;48.86004,2.404017
Tabac Krys;dimanche;54  R. DE BAGNOLET;75020;PARIS;48.857285,2.399014
Tabac le Vincennes;dimanche;67 COURS DE VINCENNES;75020;PARIS;48.847904,2.405707
Au Balcon;0;142 BD. DE MÉNILMONTANT;75020;PARIS;48.870181,2.39716
L'étoile des roches;dimanche;37 COURS DES ROCHES;77186;NOISIEL;48.845678,2.615507
TABAC DE LA GARE;dimanche;2 PL. AURIBAULT;77340;PONTAULT-COMBAULT;48.805892,2.617909
l'Harmonie;lundi;CCIAL 1  AV. DES PYRAMIDES;77420;CHAMPS-SUR-MARNE;48.854888,2.583378
L'Ecu de France;dimanche;95 AVENUE DES SCIENCES;77500;CHELLES;48.902948,2.592486
Tabac de la Gare;mercredi;2 AV. DU MARÉCHAL FOCH;77500;CHELLES;48.874108,2.580733
Le Larzac;dimanche;2 AVENUE DE LA RÉSISTANCE;77500;CHELLES;48.878966,2.587945
Chez Ludo et Dia;dimanche;3 PL. D'ISIGNY;78000;VERSAILLES;48.801957,2.161428
Tabac des Arcades;dimanche;163 R. DU PDT FRANÇOIS MITTERRAND;91160;LONGJUMEAU;48.690028,2.288909
Tabac du Pont;lundi;90 R. FRANÇOIS MITTERRAND;91160;LONGJUMEAU;48.695353,2.294434
Le Central;dimanche;72 AV. JEAN JAURÈS;91230;MONTGERON;48.714838,2.445732
Le Balto;mardi;28 GRANDE RUE;91260;JUVISY-SUR-ORGE;48.688945,2.376401
Horizon 3000;0;1 AV DE L EUROPE -  C. CIAL CORA;91300;MASSY;48.726667,2.278109
La Concorde;lundi;120 R. D'ESTIENNE D'ORVES;91370;VERRIÈRES-LE-BUISSON;48.742753,2.261705
Le Calumet;dimanche;36 AV. MAZARIN C.C.DE BEL ABORD;91380;CHILLY-MAZARIN;48.707688,2.316136
Le Marigny;dimanche;7 PL. LUCIEN BOILLEAU;91420;MORANGIS;48.706533,2.335001
Le Fontenoy;lundi;1 R. H. OUZILLEAU C.C GRAND VAUX;91600;SAVIGNY-SUR-ORGE;48.674223,2.338528
Tabac de la Gare;0;3 PL.  DE LA GARE;91600;SAVIGNY-SUR-ORGE;48.675943,2.351519
Ets la Source;dimanche;1 R. DE LA SOURCE;92000;NANTERRE;48.886441,2.205395
La Civette Du Parc;dimanche;11 ESPLANADE CHARLES DE GAULLE;92000;NANTERRE;48.895479,2.223316
Le Fontenoy;dimanche;36 R. HENRI BARBUSSE;92000;NANTERRE;48.890407,2.19503
Le Balto;lundi;1 R. DE STALINGRAD;92000;NANTERRE;48.891718,2.199819
Brasserie du Forum;dimanche;250 ALL. DU FORUM DE SÈVRES;92100;BOULOGNE-BILLANCOURT;48.82897,2.232296
Presse;dimanche;2 ROND POINT RHIN ET DANUBE;92100;BOULOGNE-BILLANCOURT;48.840789,2.229019
Au Ptit Creux Gourma;0;11 RUE GEORGES SEURAT;92110;CLICHY;48.910314,2.308632
Librairie du Centre;dimanche;79 AV.DE LA RÉPUBLIQUE;92120;MONTROUGE;48.815422,2.3178
Le Petit Paris;dimanche;39 AV. DE LA RÉPUBLIQUE;92120;MONTROUGE;48.819485,2.320337
L'Europe;dimanche;79/81 AV. PIERRE BROSSOLETTE;92120;MONTROUGE;48.819616,2.310632
LA DIVETTE;dimanche;63 AV. ARISTIDE BRIAND;92120;MONTROUGE;48.816943,2.325819
Tabac - Presse;dimanche;76 R. CAMILLE DESMOULINS;92130;ISSY-LES-MOULINEAUX;48.829794,2.264482
Bar de la Cavée;vendredi;183 AV. DE GÉN. DE GAULLE;92140;CLAMART;48.788224,2.258636
Le Narval;dimanche;72 R. PAUL VAILLANT-COUTURIER;92140;CLAMART;48.805125,2.259634
Tabac du Théâtre;dimanche;2 PL. DE STALINGRAD;92150;SURESNES;48.863637,2.202059
Le Calumet;dimanche;37 AV. JEAN JAURÈS;92150;SURESNES;48.865027,2.204681
Le Carrefour;0;1 R. DE LA POTERIE;92150;SURESNES;48.862034,2.212807
Tabac - Presse;dimanche;71 AV. ARISTIDE BRIAND;92160;ANTONY;48.758216,2.306741
Tabac de la Gare;dimanche;22 AV. JACQUES JEZEQUEL;92170;VANVES;48.818749,2.291416
Les Tilleuls;dimanche;13 PL. DE STALINGRAD;92190;MEUDON;48.814607,2.234805
Le Celtique;dimanche;221 AV. CHARLES DE GAULLE;92200;NEUILLY-SUR-SEINE;48.885348,2.257535
Le Marly;dimanche;54 AV. DU ROULE;92200;NEUILLY-SUR-SEINE;48.882732,2.277132
Le Magenta;dimanche;1 PL. MAGENTA;92210;SAINT-CLOUD;48.842199,2.207451
Le Beau Site;0;140  BOULEVARD DE LA RÉPUBLIQUE;92210;SAINT-CLOUD;48.851946,2.213006
Tabac - Presse;dimanche;43 AV. HENRI BARBUSSE;92220;BAGNEUX;48.80169,2.315636
Le Diplomate;0;60 R. PIERRE TIMBAUD;92230;GENNEVILLIERS;48.933584,2.297188
Tabac du Clos;dimanche;2  BD DU COL. FABIEN;92240;MALAKOFF;48.81396,2.278432
Fontaine aux Roses;dimanche;113 R. BOUCICAUT;92260;FONTENAY-AUX-ROSES;48.793747,2.284319
Le Lonchamps;dimanche;57 R. JEAN JAURÈS;92300;LEVALLOIS-PERRET;48.892335,2.293499
Le Narval;dimanche;120 R. ANATOLE FRANCE;92300;LEVALLOIS-PERRET;48.895532,2.281995
Au Fil des Jours;dimanche;102 AV. DE PARIS;92320;CHÂTILLON;48.807741,2.295376
La Civette du Centre;dimanche;4 R. JEAN-PIERRE TIMBAUD;92320;CHÂTILLON;48.802106,2.286801
Le Commerce;dimanche;56 AV. DU GÉN LECLERC;92340;BOURG-LA-REINE;48.782044,2.316346
Tabac du Parc;0;19 AVENUE DU MARÉCHAL LECLERC;92360;MEUDON-LA-FORÊT;48.790073,2.224908
La Camargue;dimanche;18 ALL.  MARCEL SIMON;92360;MEUDON-LA-FORÊT;48.787263,2.235198
La Rotonde;dimanche;13  R. HENRI BARBUSSE;92390;VILLENEUVE-LA-GARENNE;48.936061,2.334259
Le Flash;dimanche;35 R. JEAN-PIERRE TIMBAUD;92400;COURBEVOIE;48.89804,2.253275
La Tabatière;dimanche;70 R. DE BEZONS;92400;COURBEVOIE;48.897636,2.247653
Le Saint-Claude;0;42 BD DE VERDUN;92400;COURBEVOIE;48.89981,2.261542
Tabac Becon;dimanche;11 AV. DE LA LIBERTÉ;92400;COURBEVOIE;48.904656,2.268528
Tabac Le Vinci;dimanche;17 AV. LÉONARD DE VINCI;92400;COURBEVOIE;48.896593,2.235882
Tabac Beauregard;dimanche;67 AV. DU 18 JUIN 1940;92500;RUEIL-MALMAISON;48.868105,2.1939
Le Tobacco;dimanche;4 ALL. DE L'HÔTEL DE VILLE;92500;RUEIL-MALMAISON;48.880563,2.184469
Presse'tige;dimanche;191 AV. NAPOLÉON BONAPARTE;92500;RUEIL-MALMAISON;48.875177,2.168884
Tabac - Presse;samedi;81 BD VOLTAIRE;92600;ASNIÈRES-SUR-SEINE;48.91542,2.292555
Le Flachat;dimanche;35 R. DE CHANZY;92600;ASNIÈRES-SUR-SEINE;48.909212,2.273288
Tabac de la Gare;dimanche;9 AV. DE L'AGENT SARRE;92700;COLOMBES;48.923883,2.259987
Tabac de la Gare;dimanche;1 R. FERNAND PELLOUTIER;92800;PUTEAUX;48.883061,2.23302
Le Valmy;dimanche;4 COURS VALMY;92800;PUTEAUX;48.892434,2.232496
Le Montalegre;lundi;118 AV. DU PRÉSIDENT WILSON;92800;PUTEAUX;48.885689,2.22681
La Coupole D'Argent;dimanche;1 R. CHANTECOQ;92800;PUTEAUX;48.882733,2.238946
Le Bar des Amis;lundi;38 CHEMIN DE GROSLAY;93000;BOBIGNY;48.907194,2.471295
La Source;dimanche;7 R. DE PARIS;93000;BOBIGNY;48.895641,2.425572
Le Celtique;0;175 BD. DE LA BOISSIÈRE;93100;MONTREUIL;48.877388,2.462122
Le Jean Nicot;dimanche;70 RUE DE PARIS;93100;MONTREUIL;48.857189,2.430876
Tabac de la Cité;lundi;221 BD THÉOPHILE SUEUR;93100;MONTREUIL;48.859218,2.466856
Le Brazza;dimanche;7 BD. DE LA RÉPUBLIQUE;93130;NOISY-LE-SEC;48.895878,2.461245
Tabac des Tilleuls;dimanche;22 RUE MAURICE AUDIN;93150;LE BLANC-MESNIL;48.948105,2.451469
Le Brazza;dimanche;140 R. PIERRE BROSSOLETTE;93160;NOISY-LE-GRAND;48.847985,2.548085
civette de Bel Est;dimanche;28 AV. DU GÉNÉRAL DE GAULLE;93170;BAGNOLET;48.865022,2.416916
Le Tabac du Barrage;0;149 R. GABRIEL PÉRI;93200;SAINT-DENIS;48.943858,2.356817
Le Khedive;dimanche;3 PL. VICTOR HUGO;93200;SAINT-DENIS;48.935725,2.358232
La Mont Joie;dimanche;171 AV. DU PDT WILSON;93210;LA PLAINE-SAINT-DENIS;48.91103,2.35763
Le Brazza;dimanche;8 ROUTE DE MONTREUIL;93230;ROMAINVILLE;48.875847,2.448597
Le Totem;dimanche;35 AV. PAUL VAILLANT COUTURIER;93240;STAINS;48.952568,2.381973
Le Celtique;dimanche;60 RUE PARMENTIER;93240;STAINS;48.969207,2.374587
Civette du Globe;lundi;107 AV. DE STALINGRAD;93240;STAINS;48.949877,2.386068
Bar Monte Christo;dimanche;16 GRANDE RUE;93250;VILLEMOMBLE;48.884027,2.50999
Le Royal;lundi;40 BD DU GÉNÉRAL LECLERC;93260;LES LILAS;48.880216,2.425828
Rougemont Presse;dimanche;2 RUE PIERRE BROSSOLETTE;93270;SEVRAN;48.933419,2.510796
Le Terminus;dimanche;10 RUE DE LA GARE;93270;SEVRAN;48.935535,2.534049
Tabac Presse;0;120 RUE HÉLÈNE COCHENNEC;93300;AUBERVILLIERS;48.919779,2.394782
Tabac du Babylone;dimanche;5 AVENUE FAIDHERBE;93310;LE-PRE-SAINT-GERVAIS;48.879994,2.411131
Le Madrigal;dimanche;64 AVENUE DANIEL PERDRIGE;93360;NEUILLY-PLAISANCE;48.871282,2.51549
Tabac de La Poste;dimanche;46 AVENUE DU MARÉCHAL FOCH;93360;NEUILLY-PLAISANCE;48.861861,2.506054
Tabac de la Mairie;dimanche;43  RUE HENRI BARBUSSE;93370;MONTFERMEIL;48.900375,2.567513
Tabac de La Tour;dimanche;26 PLACE DE LA TOUR;93390;CLICHY-SOUS-BOIS;48.907913,2.543728
Le Landy;0;1 BOULEVARD JEAN JAURÈS;93400;SAINT-OUEN;48.915066,2.337771
Pep's;dimanche;7 PLACE GABRIEL PÉRI;93440;DUGNY;48.954867,2.417193
Tabac Kas;dimanche;CCIAL PARINOR-LE HAUT DE GALLY;93600;AULNAY-SOUS-BOIS;48.960472,2.473628
Le Voltigeur;lundi;70 AVENUE MARCEAU;93700;DRANCY;48.929348,2.43375
Librairie Fontaine;dimanche;14 R. ARTHUR FONTAINE;93700;DRANCY;48.91903,2.455495
Presse Avenir;dimanche;60 R. ST-STENAY - C.CIAL AVENIR;93700;DRANCY;48.919786,2.420214
Maison De La Presse;dimanche;95 AV. HENRI BARBUSSE;93700;DRANCY;48.918409,2.44816
L‘Interlude;dimanche;2 R. SAINT-SIMON;94000;CRÉTEIL;48.790799,2.453137
Le Kennedy;dimanche;90 R. GARIBALDI;94100;SAINT-MAUR-DES-FOSSÉS;48.794065,2.486203
Tabac de la Marne;lundi;72 R.DU PONT DE CRÉTEIL;94100;SAINT-MAUR-DES-FOSSÉS;48.801809,2.471894
Le Brazza;dimanche;123 AV. ARISTIDE BRIAND;94110;ARCUEIL;48.801945,2.324355
Tabac de la Gare;dimanche;67 AV. MAR. DE LATTRE DE TASSIGNY;94140;ALFORTVILLE;48.802008,2.425868
Le Royal 16;dimanche;16 R. CHARLES DE GAULLE;94140;ALFORTVILLE;48.814453,2.413664
Tabac Grand Ciel;dimanche;30 BD P.VAILLANT-COUTURIER - CC-;94200;IVRY-SUR-SEINE;48.819081,2.396567
Le Balto;dimanche;3 R. PIERRE CURIE;94200;IVRY-SUR-SEINE;48.81545,2.376169
Tabac des Ecoles;dimanche;79 R. DE PARIS;94220;CHARENTON-LE-PONT;48.821521,2.413434
Studio-Presse;dimanche;17 R. JEAN JAURÈS;94240;L'HAŸ-LES-ROSES;48.778396,2.334989
Le Petit Robinson;lundi;1 AV. HENRI BARBUSSE;94240;L'HAŸ-LES-ROSES;48.779795,2.327894
Tabac le Gallia;dimanche;54 AV. RASPAIL;94250;GENTILLY;48.813724,2.347711
Librairie Peupleraie;dimanche;44 BD PASTEUR;94260;FRESNES;48.756814,2.315111
Tabac - Presse;dimanche;9 PL. DE L'ÉGLISE;94260;FRESNES;48.75457,2.322921
Le Diplomate;dimanche;57 AV.DE LA RÉPUBLIQUE;94260;FRESNES;48.760069,2.319043
Tabac des Rigollots;dimanche;153 R. DEFRANCE;94300;VINCENNES;48.849527,2.45613
Le Liberté;dimanche;9 PL. DES LIBERTÉS;94380;BONNEUIL-SUR-MARNE;48.764201,2.486826
Le Tabariot;dimanche;2  R. AUDIGEOIS;94400;VITRY-SUR-SEINE;48.790811,2.391965
Papeterie - Presse;lundi;131 BD STALINGRAD;94400;VITRY-SUR-SEINE;48.801573,2.378949
Café MILAN;mercredi;73 AV. ROUGET DE L'ISLE;94400;VITRY-SUR-SEINE;48.777929,2.396528
Tabac De La Mairie;dimanche;4 RUE LOUIS TALAMONI;94500;CHAMPIGNY-SUR-MARNE;48.813588,2.510422
Le Prestige;lundi;182 AV. MAURICE THOREZ;94500;CHAMPIGNY-SUR-MARNE;48.816302,2.538542
Mag Presse;dimanche;2 PL. DE LATTRE DE TASSIGNY;94550;CHEVILLY-LARUE;48.771362,2.367334
Civette des Gondoles;dimanche;64 AV. VICTOR HUGO;94600;CHOISY-LE-ROI;48.768833,2.421341
Le Chiquito;dimanche;61 AV. DU GÉN. DE GAULLE;94700;MAISONS-ALFORT;48.802102,2.429833
Le Condorcet;mercredi;230 AV. DE LA RÉPUBLIQUE;94700;MAISONS-ALFORT;48.809941,2.455566
Tabac Laporte;dimanche;22 COURS DES JUILLIOTTES;94700;MAISONS-ALFORT;48.803604,2.443482
Tabac - Presse;dimanche;63 R. DU MOULIN DE SAQUET;94800;VILLEJUIF;48.790745,2.371437
Tabac Presse;dimanche;92 R. YOURI GAGARINE;94800;VILLEJUIF;48.783396,2.357725
Tabac Aline;dimanche;1 R. CAMILLE BLANC;94800;VILLEJUIF;48.782717,2.366675
mag presse;dimanche;67 AV. DE STALINGRAD;94800;VILLEJUIF;48.783388,2.36729
Le Rallye;lundi;77 R. JEAN JAURÈS;94800;VILLEJUIF;48.792774,2.366587
Le Disque Bleu;dimanche;29 AV. PAUL VAILLANT-COUTURIER;94800;VILLEJUIF;48.794666,2.362763
Tabac du Château;dimanche;15 AV. DU CHÂTEAU;95100;ARGENTEUIL;48.933862,2.23194
Le Gaulois;dimanche;6 PL. DU 11 NOVEMBRE;95100;ARGENTEUIL;48.935818,2.238597
les Jardinsde la Gar;dimanche;155 AV. MAURICE UTRILLO;95100;ARGENTEUIL;48.947308,2.232335
La Tabatière;jeudi;156 AV. JEAN JAURÈS;95100;ARGENTEUIL;48.940481,2.224305
Tabac - Presse;dimanche;23 AV. DE COMMUNE DE PARIS;95140;GARGES-LÈS-GONESSE;48.971138,2.399331
Café de la Gare;dimanche;5 AV. PIERRE SÉMARD;95400;ARNOUVILLE;48.988007,2.405064
Tabac du Puits;dimanche;1 AVENUE DU 8 MAI 1945;95400;VILLIERS-LE-BEL;49.006247,2.400516
Blé Garni;mercredi;127 AV. GABRIEL PÉRI;95870;BEZONS;48.933948,2.209352
Mag Presse;dimanche;41 R. DE SARTROUVILLE;95870;BEZONS;48.934577,2.203339
Le Victor Hugo;0;29 R. VICTOR HUGO;95870;BEZONS;48.929815,2.222015
Et Cetera;dimanche;10 R. DES HALLES;75001;PARIS;48.859744,2.346908
Le Lucky;dimanche;65 R. D'ABOUKIR;75002;PARIS;48.867663,2.34647
La Violette;dimanche;5 BD. DE SAINT-DENIS;75003;PARIS;48.869007,2.354893
Le Tabac de Rivoli;dimanche;44 R. DE RIVOLI;75004;PARIS;48.856721,2.355225
Le Victoria;dimanche;6 R. SAINT-MARTIN;75004;PARIS;48.857372,2.349354
Tabac Alfa;dimanche;40 R. MONGE;75005;PARIS;48.845681,2.351812
Le Rond-Point;dimanche;123 R. MONGE;75005;PARIS;48.838712,2.350878
Presse - Tabac;dimanche;9 R. DE BLAINVILLE;75005;PARIS;48.844409,2.348435
Civette Saint-Michel;dimanche;137 BD SAINT-MICHEL;75005;PARIS;48.841805,2.338021
Tabac Notre-Dame;mardi;3 R. LAGRANGE;75005;PARIS;48.851931,2.348118
Les Facultés;dimanche;110 R. D'ASSAS;75006;PARIS;48.842492,2.334632
Tabac-Presse-Loto;dimanche;78 R. DE SEINE;75006;PARIS;48.85161,2.33699
Tabac Eiffel;dimanche;22 AV. DE LA BOURDONNAIS;75007;PARIS;48.85894,2.297865
Le Paris Duquesne;dimanche;41 AV. DUQUESNE;75007;PARIS;48.85132,2.311083
Le Saint Cirgues;dimanche;206 R. DE GRENELLE;75007;PARIS;48.856901,2.303645
Tabac Cave à Cigare;dimanche;20 AV. BOSQUET;75007;PARIS;48.858457,2.303394
Le Castel;dimanche;5 AV. DE SUFFREN;75007;PARIS;48.856896,2.292055
Aux Ministères;dimanche;53 AV. DE SÉGUR;75007;PARIS;48.849802,2.308431
Le Pot à Tabac;dimanche;28 R. DE LA PÉPINIÈRE;75008;PARIS;48.875021,2.320357
Tabac de Pigalle;dimanche;34 R. LA BRUYÈRE;75009;PARIS;48.879598,2.333685
L'Energie;dimanche;65 R. DE MAUBEUGE;75009;PARIS;48.8797,2.349288
L'Instant Partagé;dimanche;52  BIS  R. DES MARTYRS;75009;PARIS;48.879832,2.340287
Le Hollywood;dimanche;19 R. DE CLICHY;75009;PARIS;48.878006,2.330083
Le Voltaire;0;130 BD VOLTAIRE;75011;PARIS;48.857469,2.380349
Le Gallia;dimanche;39 R. SAINT-AMBROISE;75011;PARIS;48.86303,2.379086
Paristar;dimanche;88B AV. PARMENTIER;75011;PARIS;48.865447,2.374724
Le Normandie;dimanche;109 R. DE CHARONNE;75011;PARIS;48.85463,2.384783
Le Marceau;dimanche;111 AV. LEDRU ROLLIN;75011;PARIS;48.852958,2.376926
L'Harmonie;dimanche;16 RUE DU FAUBOURG DU TEMPLE;75011;PARIS;48.868236,2.365871
Le Royal Parmentier;dimanche;17 AV. PARMENTIER;75011;PARIS;48.860356,2.378341
La Civette Dorée;dimanche;3 BD SOULT;75012;PARIS;48.835886,2.406696
Café de la Seine;dimanche;21 AVENUE LEDRU-ROLLIN;75012;PARIS;48.846828,2.369273
Le Gavroche;dimanche;49 BD. DE REUILLY;75012;PARIS;48.839595,2.394224
Le Triple 8;dimanche;157 RUE DE CHARENTON;75012;PARIS;48.844763,2.383678
Tabac Montgallet;dimanche;56 R. JACQUES HILLAIRET;75012;PARIS;48.843759,2.389877
La Terrasse;dimanche;1 PL. LACHAMBEAUDIE;75012;PARIS;48.835914,2.386046
Iris Café;dimanche;2 BD. DE PICPUS;75012;PARIS;48.84133,2.398624
Le Celtique;dimanche;25 BD AUGUSTE BLANQUI;75013;PARIS;48.830244,2.352958
La Page Massena;dimanche;96 BD MASSENA;75013;PARIS;48.820983,2.367169
Tabac Tolbiac;dimanche;34 R. DE TOLBIAC;75013;PARIS;48.828455,2.372664
Tabac  Arago;dimanche;53 BD ARAGO;75013;PARIS;48.834776,2.345096
Le Narval;dimanche;58 R. JEANNE D'ARC;75013;PARIS;48.831515,2.366225
Le Longchamps;dimanche;21 R. DE LA BUTTE AUX CAILLES;75013;PARIS;48.827612,2.349646
Le Tabarium;dimanche;27 AV. DES GOBELINS;75013;PARIS;48.836488,2.352376
Le Rallye;dimanche;81 R. DE LA TOMBE ISSOIRE;75014;PARIS;48.827494,2.332524
Tabac de la Gaïté;dimanche;49  R. DE LA GAÎTÉ;75014;PARIS;48.838589,2.322794
La Rotonde;dimanche;7 PL. DU 25 AOÛT 1944;75014;PARIS;48.822182,2.325793
Café le Renoir;dimanche;207 R. RAYMOND LOSSERAND;75014;PARIS;48.82852,2.307321
Le Fontenoy;dimanche;37 R. RAYMOND LOSSERAND;75014;PARIS;48.835293,2.320793
La Royale;dimanche;80 R. DE L'AM. MOUCHEZ;75014;PARIS;48.821012,2.342811
Le Lutèce;dimanche;380 R. DE VAUGIRARD;75015;PARIS;48.833146,2.288834
Les Aviateurs;0;37 BD VICTOR;75015;PARIS;48.834078,2.285297
Au Jean Bart;dimanche;44 R. DU DR  ROUX;75015;PARIS;48.839606,2.30958
Les Volutés;0;114 R. DE LA CONVENTION;75015;PARIS;48.840897,2.288088
Le P'ti Bistrot;dimanche;62 R. SAINT-LAMBERT;75015;PARIS;48.836238,2.293301
Beau Drugstore;0;45 RUE LINOIS;75015;PARIS;48.847252,2.285125
Press'tation;dimanche;45B R. DE VOUILLÉ;75015;PARIS;48.834016,2.307993
Le  Flash;dimanche;38 R. PAUL BARRUEL;75015;PARIS;48.837752,2.305702
Le Chamois;dimanche;355 R. DE VAUGIRARD;75015;PARIS;48.836767,2.295726
Le Mozart;dimanche;108 AV. MOZART;75016;PARIS;48.850657,2.26701
Le Diplomate;dimanche;15 RUE SINGER;75016;PARIS;48.856194,2.277575
Le Royal Exelmans;dimanche;171 AV. DE VERSAILLES;75016;PARIS;48.840519,2.264993
La Favorite;dimanche;39 R. DE PASSY;75016;PARIS;48.857843,2.280897
Tabac de la Muette;dimanche;6 CHAUSSÉE DE LA MUETTE;75016;PARIS;48.85829,2.27385
Moulin d' Auteuill;dimanche;75 R. D'AUTEUIL;75016;PARIS;48.847865,2.260847
Le Celtique;dimanche;204 R. DE COUCELLES;75017;PARIS;48.886386,2.295921
Le Lutetia;0;161 RUE LEGENDRE;75017;PARIS;48.891134,2.325208
Civette Ponce;dimanche;14 R. PONCELET;75017;PARIS;48.879114,2.297156
La Civette des Arts;dimanche;62 R. DAMRÉMONT;75018;PARIS;48.890675,2.334493
Le Rallye;dimanche;79 BD BARBES;75018;PARIS;48.891447,2.349399
Le Rallye;mercredi;119 BD NEY;75018;PARIS;48.897535,2.333711
Tabac Point Presse;dimanche;2 R. FRÉDÉRIC SCHNEIDER HALL 1;75018;PARIS;48.898382,2.338693
La Pte de Chaumont;dimanche;84 RUE MANIN;75019;PARIS;48.886112,2.393935
La Lorraine;mercredi;127 AV. JEAN JAURES;75019;PARIS;48.886427,2.382816
Civette Télègraphe;dimanche;1 R. DE ROMAINVILLE;75019;PARIS;48.875609,2.399179
Tabac Presse;dimanche;36 AV. SIMON BOLIVAR;75019;PARIS;48.875159,2.382602
Tabac Presse;dimanche;37 R. ALPHONSE KARR;75019;PARIS;48.895472,2.379501
Tabac La Gascogne;dimanche;1 SQ. DE LA GASCOGNE;75020;PARIS;48.854236,2.410862
Le Narval;dimanche;93 RUE D'AVRON;75020;PARIS;48.852698,2.405582
Tabac Alexandre;dimanche;8 R. HENRI DUVERNOIS;75020;PARIS;48.863634,2.412122
La Civette Davout;dimanche;108 BD DAVOUT;75020;PARIS;48.858391,2.410053
Tabac Arche Guédon;dimanche;5 PLACE DE LA MOGOTTE;77200;TORCY;48.851653,2.637334
TABAC DE LA GARE;dimanche;3 PLACE ROGER NICOLAS;77330;OZOIR-LA-FERRIÈRE;48.770719,2.689588
Les Impressionnistes;lundi;21 BD FERNAND HOSTACHY;78290;CROISSY-SUR-SEINE;48.877997,2.144349
Le Monaco;dimanche;52-54 R. DE PDT FRANÇOIS MITTERAND;91160;LONGJUMEAU;48.697322,2.295049
Au Buisson;lundi;28 R. D'ESTIENNE D'ORVES;91370;VERRIÈRES-LE-BUISSON;48.748496,2.266772
L'Escale;dimanche;111 AV. DE LA RÉPUBLIQUE;91600;SAVIGNY-SUR-ORGE;48.691011,2.351405
Le Clémenceau;dimanche;276 AV. GEORGES CLÉMENCEAU;92000;NANTERRE;48.885606,2.219876
Le Balto;dimanche;82 R. DU CHÂTEAU;92100;BOULOGNE-BILLANCOURT;48.842945,2.243518
Le Marigny;dimanche;97 ROUTE DE LA REINE;92100;BOULOGNE-BILLANCOURT;48.839774,2.237603
Le Bleu;dimanche;22 R. DENFERT-ROCHEREAU;92100;BOULOGNE-BILLANCOURT;48.84576,2.244381
Le Breizh;dimanche;8 R. GEORGES BOISSEAU;92110;CLICHY;48.903425,2.317881
Le Fumoir;dimanche;4 PL. PAUL VAILLANT COUTURIER;92130;ISSY-LES-MOULINEAUX;48.82687,2.278793
Tabac de la Mairie;dimanche;21 R. DU TROSY;92140;CLAMART;48.80042,2.262618
Le Fontenoy;dimanche;135 AV. DE LA DIVISION LECLERC;92160;ANTONY;48.742796,2.303063
Tabac du métro;0;79 MIRABEAU;92160;ANTONY;48.742831,2.296993
Au Soleil Levant;dimanche;83 AV. VICTOR HUGO;92170;VANVES;48.825317,2.292147
Libraire Bagatelle;dimanche;5 R. ERNEST DELOISON;92200;NEUILLY-SUR-SEINE;48.876808,2.250116
Le Nouveau Paris;dimanche;204 BD BINEAU;92200;NEUILLY-SUR-SEINE;48.894536,2.266864
Civette de Neuilly;0;105 AV. CHARLES DE GAULLE;92200;NEUILLY-SUR-SEINE;48.881045,2.271068
Kiosque de la Mairie;dimanche;133 AV. ACHILLE PERETTI;92200;NEUILLY-SUR-SEINE;48.88426,2.269076
Tabac Presse;dimanche;8 AV. DE LA LIBÉRATION;92230;GENNEVILLIERS;48.9246,2.291602
Le Tom Tip;dimanche;127 R. PAUL VAILLANT-COUTURIER;92240;MALAKOFF;48.816495,2.292588
Tabac du Marché;lundi;2 R. VOLTAIRE;92250;LA GARENNE-COLOMBES;48.908679,2.246948
Le Celtique;dimanche;1 R. DE L'ARRIVÉE;92250;LA GARENNE-COLOMBES;48.909967,2.241599
Le Jean Bart;dimanche;11 R. D'ESTIENNE D'ORVES;92270;BOIS-COLOMBES;48.91553,2.271325
Tabac Ecole Centrale;dimanche;1/3 AV. DE LA DIVISION LECLERC;92290;CHÂTENAY-MALABRY;48.761294,2.290547
L'Ariel;dimanche;62 R. BAUDIN;92300;LEVALLOIS-PERRET;48.897995,2.284999
Le Celtique;dimanche;51 R. ARISTIDE BRIAND;92300;LEVALLOIS-PERRET;48.891403,2.285911
Tabac du Marché;mercredi;31 R. CARNOT;92300;LEVALLOIS-PERRET;48.890283,2.287947
Brasserie Les Sports;dimanche;34 R.RIVAY;92300;LEVALLOIS-PERRET;48.893458,2.290323
La Belle Polle;dimanche;21 GRANDE RUE;92310;SÈVRES;48.826694,2.220269
La Tabatière;lundi;28  BIS R. ESTHER CORDIER;92320;CHÂTILLON;48.808327,2.291683
Mag Presse;dimanche;15 AV. CHARLES DE GAULLE;92350;LE PLESSIS-ROBINSON;48.777813,2.259201
Le Celtique;lundi;5 R. DU TOUR DE L'ÉTANG;92350;LE PLESSIS-ROBINSON;48.783913,2.270148
La Pointe Presse;dimanche;1945 AV. ROGER SALENGRO;92370;CHAVILLE;48.805938,2.184824
Les Maréchaux;dimanche;2 AV. JOFFRE;92380;GARCHES;48.83881,2.186442
Tabac Librairie Jeu;dimanche;60 AV. JEAN MOULIN;92390;VILLENEUVE-LA-GARENNE;48.940589,2.330933
L'Atmosphère;0;5 R. DE L'ABREUVOIR;92400;COURBEVOIE;48.890763,2.25523
Presse Sainte Marie;lundi;9 R. SAINTE-MARIE;92400;COURBEVOIE;48.89366,2.258012
Havannah Stock;dimanche;3 R. BAUDIN  C.CIAL CHARAS;92400;COURBEVOIE;48.895389,2.25015
Le Richelieu;dimanche;53 R. HAUTE;92500;RUEIL-MALMAISON;48.873815,2.181843
Le Marigny;jeudi;92 R. DANTON;92500;RUEIL-MALMAISON;48.877794,2.196545
Tabac Jubillé 3;dimanche;46 R. GALLIENI;92500;RUEIL-MALMAISON;48.868465,2.203579
Le Napoléon 1er;dimanche;115 AV. ALBERT 1ER;92500;RUEIL-MALMAISON;48.886602,2.170538
Café des Sports;samedi;51 AV. DU PDT GEORGES POMPIDOU;92500;RUEIL-MALMAISON;48.871938,2.193423
Le Narval;0;2 R. DU GUÉ;92500;RUEIL-MALMAISON;48.879348,2.184722
Le Cyrano;0;110 R. DES BOURGUIGNONS;92600;ASNIÈRES-SUR-SEINE;48.915359,2.275706
Le Saint-Clande;dimanche;11 AV. D'ARGENTEUIL;92600;ASNIÈRES-SUR-SEINE;48.910243,2.285921
Tabac des Victoires;dimanche;1 PL. DES VICTOIRES;92600;ASNIÈRES-SUR-SEINE;48.910796,2.292031
Aux Champarons;dimanche;44 AV DE STALINGRAD;92700;COLOMBES;48.928762,2.269083
Le Gala;dimanche;81 R. GABRIEL PÉRI;92700;COLOMBES;48.921749,2.246704
Le Chiquito;dimanche;16 BD DE FINLANDE;92700;COLOMBES;48.93108,2.259297
Le Village;0;5 R. DU BOURNARD;92700;COLOMBES;48.923315,2.25317
Le Diplomate;dimanche;117 R. JEAN JAURÈS;92800;PUTEAUX;48.881053,2.238199
L'Étoile D'Or;dimanche;22 RUE DE L'ÉTOILE;93000;BOBIGNY;48.911988,2.427589
Le Belwo;0;63 AV. LOUIS ARAGON;93000;BOBIGNY;48.91478,2.440588
La Picardière;dimanche;203 AV. JEAN JAURÈS;93000;BOBIGNY;48.909849,2.437254
Les Copains;dimanche;294 RUE DE ROSNY;93100;MONTREUIL;48.870766,2.468544
Le Wilson;lundi;176 AVENUE DU PRÉSIDENT WILSON;93100;MONTREUIL;48.853099,2.438763
Flore de Havane;dimanche;246 BOULEVARD A. BRIAND;93100;MONTREUIL;48.87737,2.45704
Le Glacier de Rosny;jeudi;80 R.JEAN MERMOZ;93110;ROSNY-SOUS-BOIS;48.880594,2.488866
Le Vaillant;dimanche;130 AVENUE PAUL VAILLANT COUTURIER;93120;LA COURNEUVE;48.924578,2.414972
Tabac des Cosmonaute;dimanche;1 R. SAINT-DENIS;93120;LA COURNEUVE;48.930809,2.383573
Tabac Suzanne;dimanche;24 AVENUE SUZANNE BUISSON;93140;BONDY;48.913787,2.480715
Le Havan Cuir;lundi;7 PL. NICOLE NEUBURGER;93140;BONDY;48.901707,2.490675
Café du Musée;dimanche;110 AVENUE DU 8 MAI 1945;93150;LE BLANC-MESNIL;48.946532,2.436705
Tabac du Marché;mardi;15 RUE DU MARCHÉ;93160;NOISY-LE-GRAND;48.848214,2.55376
Le Bus;dimanche;40 AVENUE DU GÉNÉRAL DE GAULLE;93170;BAGNOLET;48.864703,2.417441
Cherbourg Presse;dimanche;47 AVENUE DE STALINGRAD;93170;BAGNOLET;48.872007,2.430265
Tabac - Presse;dimanche;24 RUE GIRARDOT;93170;BAGNOLET;48.87429,2.42625
Le Rocher;lundi;5 BOULEVARD MARX DORMOY;93190;LIVRY-GARGAN;48.909962,2.52716
Tabac de la Mairie;mercredi;3 R. DE PARIS;93230;ROMAINVILLE;48.885223,2.435883
Librairie NGUYEN;mercredi;.  AV. LÉNINE;93230;ROMAINVILLE;48.884111,2.429303
Tabac - Presse;dimanche;160 RUE DE LA RÉPUBLIQUE;93230;ROMAINVILLE;48.879086,2.433049
Le Sévigné;dimanche;162 GRANDE RUE;93250;VILLEMOMBLE;48.881806,2.522023
L‘imperial;mercredi;38 RUE D'AULNAY;93270;SEVRAN;48.940038,2.51903
Tabac de la Mairie;dimanche;20 RUE DU MOUTIER;93300;AUBERVILLIERS;48.914731,2.382272
Le Rallye;jeudi;11 AV. JEAN JAURÈS;93300;AUBERVILLIERS;48.901784,2.389763
La Terrasse;dimanche;10  BOULEVARD DU MARÉCHAL FOCH;93330;NEUILLY-SUR-MARNE;48.854533,2.522198
Virgule;dimanche;3 RUE DES RENOUILLÈRES;93360;NEUILLY-PLAISANCE;48.865321,2.510031
Le Petit Foch;dimanche;86 AVENUE DU MARÉCHAL FOCH;93360;NEUILLY-PLAISANCE;48.860446,2.511368
Le Grand Paris;dimanche;13 BOULEVARD GALLIENI;93360;NEUILLY-PLAISANCE;48.852833,2.512931
Civette Des 7 Iles;dimanche;186 AVENUE JEAN JAURÈS;93370;MONTFERMEIL;48.898657,2.550099
Le Balto;lundi;29  R. DE PARIS;93380;PIERREFITTE-SUR-SEINE;48.964911,2.360312
Tabac  Marronniers;dimanche;4 ALL. DE GAGNY (C.CIAL);93390;CLICHY-SOUS-BOIS;48.900082,2.546837
Tabac Le DOME;dimanche;1 R. ALBERT DHALENNE;93400;SAINT-OUEN;48.917684,2.32985
Tabac de la Mairie;0;2 R.MECHIN;93450;L'ÎLE-SAINT-DENIS;48.935878,2.340732
Le Starsbourg;lundi;1 BD DE STRASBOURG;93600;AULNAY-SOUS-BOIS;48.929964,2.493338
Le Chiquito;jeudi;135 AVENUE HENRI BARBUSSE;93700;DRANCY;48.919758,2.451111
Le Nemrod;dimanche;97 R. HENRI LANGLOIS;93700;DRANCY;48.912156,2.452442
Tabac Créteil Soleil;dimanche;101  AV. DU GÉN. DE GAULLE -C CIAL;94000;CRÉTEIL;48.782023,2.457115
Hall de la Presse;lundi;12 ALL. DU COMMERCE;94000;CRÉTEIL;48.778145,2.472494
LE DIPLOMATE;0;2 PL. JACQUES TATI;94100;SAINT-MAUR-DES-FOSSÉS;48.798219,2.485627
La Croix d'Arcueil;dimanche;71 AV. ARISTIDE BRIAND;94110;ARCUEIL;48.805572,2.325747
TABAC LE VAL;dimanche;10 AV DU VAL DE FONTENAY;94120;FONTENAY-SOUS-BOIS;48.85315,2.487291
Tabac de la Mairie;lundi;175 R. PAUL VAILLANT COUTURIER;94140;ALFORTVILLE;48.804666,2.419613
Le Brazza;dimanche;10 AVENUE JOFFRE;94160;SAINT-MANDÉ;48.847705,2.417763
Tabac de La Gare;mercredi;6 PL. ROBERT BELVAUX;94170;LE PERREUX-SUR-MARNE;48.837891,2.49503
Libraire Gardan;dimanche;5 PL. LÉON GAMBETTA;94200;IVRY-SUR-SEINE;48.814688,2.401701
Mokafée;samedi;125 BD PAUL VAILLANT-COUTURIER;94200;IVRY-SUR-SEINE;48.814879,2.401901
Le Vieux Moulin;dimanche;75 AV. MAURICE THOREZ;94200;IVRY-SUR-SEINE;48.817872,2.375547
Librairie du Parc;dimanche;13 AV. DE LA DIVISION LECLERC;94230;CACHAN;48.785247,2.328472
Le Fer à Cheval;lundi;73 AV. ADRIEN RAYNAL;94310;ORLY;48.744815,2.407452
Les Tilleuls;dimanche;148 AV. MAR. DE LATTRE DE TASSIGNY;94320;THIAIS;48.752396,2.405595
Love Tabac;dimanche;0 CENTRE COMMERCIAL BELLE ÉPINE;94320;THIAIS;48.756509,2.371928
Tabac 3 F;mercredi;2B AV. DU 25 AOÛT 1944;94320;THIAIS;48.76255,2.401748
Le Totem;dimanche;63  AV. PAUL VAILLANT COUTURIER;94400;VITRY-SUR-SEINE;48.797292,2.399237
Tabac de l'Empire;dimanche;59 BOULEVARD DE STALINGRAD;94400;VITRY-SUR-SEINE;48.797691,2.382121
Tabac Le France;dimanche;33 AV. EVA SALMON;94400;VITRY-SUR-SEINE;48.801746,2.403108
Café du Centre;dimanche;264 R. DU MAR. LECLERC;94410;SAINT-MAURICE;48.815612,2.460437
Tabac Du Bois L'Abb;dimanche;2 PLACE RODIN;94500;CHAMPIGNY-SUR-MARNE;48.80678,2.550182
Aux livres Valentin;dimanche;CCIAL 14 AV. DU MAR. MORTIER;94510;LA QUEUE-EN-BRIE;48.790494,2.575274
Le Rouget de Lisle;dimanche;7 AV. JEAN JAURÈS;94600;CHOISY-LE-ROI;48.764219,2.406386
Le Clemenceau;lundi;36 R. GEORGES CLEMENCEAU;94600;CHOISY-LE-ROI;48.766548,2.404577
Au Petit Caporal;dimanche;1 R.EUGÈNE RENAULT;94700;MAISONS-ALFORT;48.815207,2.420045
Tabac Ile de France;dimanche;33 AV. DE PARIS;94800;VILLEJUIF;48.805615,2.363679
Le Royal;dimanche;36 R. MARCEL GROSMENIL;94800;VILLEJUIF;48.79841,2.354955
Le Celtique;dimanche;23 R.DE LA GARE;95170;DEUIL-LA-BARRE;48.975436,2.334299
le Saint-Sauveur;dimanche;15 R. ERIC DE SAINT-SAUVEUR;95200;SARCELLES;48.977763,2.389573
La Fauconnière;dimanche;19 PL. MARC SANGNIER;95500;GONESSE;49.002207,2.422878
Tabac de la Reynie;dimanche;26 R. DE LA REYNIE;75001;PARIS;48.860207,2.348516
Le Corona;dimanche;30 QUAI DU LOUVRE;75001;PARIS;48.859052,2.340318
Tabac des Petits C;dimanche;43 R. DES PETITS-CHAMPS;75001;PARIS;48.866906,2.335978
Le Café Frappé;dimanche;95 R. MONTMARTRE;75002;PARIS;48.867948,2.343582
LE WEEK END;dimanche;59 RUE DE TURBIGO;75003;PARIS;48.865801,2.357114
Tabac-Loto-Presse;dimanche;26 R. DE RIVOLI;75004;PARIS;48.856019,2.358196
Le Monge;lundi;77 R. MONGE;75005;PARIS;48.842891,2.352316
Le Bac Saint-Michel;dimanche;97 BD SAINT-MICHEL;75005;PARIS;48.844402,2.339458
ESPACE TABAC;dimanche;80 BL. PORT-ROYAL;75005;PARIS;48.838908,2.340409
Tabac de l'Arrivée;dimanche;14  BD DE L'HOPITAL;75005;PARIS;48.84215,2.3631
La Fontaine St Miche;dimanche;3 BD SAINT-MICHEL;75005;PARIS;48.852836,2.34408
Kiosque;dimanche;12 PL. SAINT-SULPICE;75006;PARIS;48.851394,2.333199
Le Brazza;dimanche;9 R. DE SÈVRES;75006;PARIS;48.851736,2.328516
La Civette Bréa;dimanche;54 R. NOTRE-DAME-DES-CHAMPS;75006;PARIS;48.843781,2.330755
Cherche Midi Presse;dimanche;50 R. DU CHERCHE-MIDI;75006;PARIS;48.849204,2.325715
Le Centenaire;dimanche;27 BD DE LA TOUR MAUBOURG;75007;PARIS;48.859789,2.310351
Civette l'Assemblée;dimanche;17 R. DE BOURGOGNE;75007;PARIS;48.858927,2.317999
Le Balto;0;74 RUE DE SÈVRES;75007;PARIS;48.847623,2.318542
Tabac des Ministères;dimanche;43 R. VANEAU;75007;PARIS;48.851555,2.319199
La Civette Wagram;dimanche;8 AV. DE WAGRAM;75008;PARIS;48.875509,2.296361
Le Monte-Carlo;dimanche;118 R. LA BOÉTIE;75008;PARIS;48.871345,2.307002
La Royale;dimanche;165 R. DU FBG. POISSONNIÈRE;75009;PARIS;48.881199,2.349764
Le Vizir;dimanche;42 R. LAFAYETTE;75009;PARIS;48.874712,2.339892
Le Longchamp;dimanche;9 R. DU FBG  MONTMARTRE;75009;PARIS;48.872028,2.343055
Tabac des Folies;dimanche;27 R. RICHER;75009;PARIS;48.873987,2.345132
La Havane;0;4  PL. DE CLICHY;75009;PARIS;48.88338,2.327906
La Consigne;dimanche;10 RUE DU 8 MAI 1945;75010;PARIS;48.876452,2.35697
Le Navy;dimanche;26 R. DU CHÂTEAU D'EAU;75010;PARIS;48.87035,2.359978
La Rame;dimanche;21 R. PHILIPPE DE GIRARD;75010;PARIS;48.882895,2.361636
Le St Maur;dimanche;217 RUE SAINT MAUR;75010;PARIS;48.873095,2.370724
La Cave à Cigares;dimanche;4 BD. DE DENAIN;75010;PARIS;48.879002,2.354482
Le Lutecia;dimanche;36 RUE OBERKAMPF;75011;PARIS;48.864241,2.371411
Tabac Bastille;dimanche;21 RUE DAVAL;75011;PARIS;48.854662,2.371124
Le Jean Bart;dimanche;17 RUE PETION;75011;PARIS;48.858946,2.381259
Le Résident;dimanche;51 BOULEVARD SOULT;75012;PARIS;48.839067,2.408322
Le Rallye;dimanche;82 RUE DU FAUBOURG SAINT-ANTOINE;75012;PARIS;48.85147,2.374944
Le Royal Tabac;dimanche;58 AVENUE LEDRU ROLLIN;75012;PARIS;48.848524,2.372437
Bar Le Diplomate;dimanche;48 AV. DU GÉNÉRAL MICHEL BIZOT;75012;PARIS;48.834463,2.400743
Tabac de la Poste;dimanche;25 R. DU RENDEZ-VOUS;75012;PARIS;48.845595,2.403313
La Civette de Bercy;0;4 PASSAGE SAINT-EMILION;75012;PARIS;48.83306,2.387002
L'Arche 13;lundi;82 BD MASSÉNA;75013;PARIS;48.821414,2.368188
La Bouffarde;dimanche;124 R. DE TOLBIAC;75013;PARIS;48.826275,2.359453
Tabac Anaïs;dimanche;12 BD  VINCENT AURIOL;75013;PARIS;48.837133,2.372505
Le Café Noisette;dimanche;93 R. PASCAL;75013;PARIS;48.833013,2.347181
La Tabacase;dimanche;30 AV. D'ITALIE;75013;PARIS;48.830643,2.35562
Tabac de Choisy;dimanche;47 AV.DE CHOISY;75013;PARIS;48.822516,2.362608
La Civette d'Alésia;dimanche;220 AV. DU MAINE;75014;PARIS;48.829005,2.326132
Tabac l'Observatoire;dimanche;166 BD DU MONTPARNASSE;75014;PARIS;48.839887,2.335352
Tabac Pte d'Orléans;dimanche;134 AV. DU GÉNÉRAL LECLERC;75014;PARIS;48.823796,2.325442
0;0;36 DELAMBRE;75014;PARIS;48.841421,2.325511
Librairie du Lycée;dimanche;304 R. LECOURBE;75015;PARIS;48.837882,2.286418
Civette St-Charles;dimanche;158 RD-PT ST-CHARLES;75015;PARIS;48.842107,2.281531
Le Diplomate;dimanche;252 R. DE LA CONVENTION;75015;PARIS;48.835519,2.302006
Le Kennedy;dimanche;12 AV. DE VERSAILLES;75016;PARIS;48.850813,2.277276
Le Lamartine;0;178 AV. VICTOR HUGO;75016;PARIS;48.86602,2.276405
Le Havane;dimanche;188 AV. DE VERSAILLES;75016;PARIS;48.839454,2.261686
Tabac des Ternes;dimanche;108 AV. DES TERNES;75017;PARIS;48.880799,2.285662
Le Chaptal;dimanche;70/72 BD DES BATIGNOLLES;75017;PARIS;48.882214,2.319971
Le Calumet;dimanche;145 AV. DE VILLIERS;75017;PARIS;48.885439,2.292145
Le Lamarck;dimanche;55 R. LAMARCK;75018;PARIS;48.889917,2.338465
Le Morzine;lundi;63 R. DOUDEAUVILLE;75018;PARIS;48.888229,2.351659
Le Flash;0;6 R. ORDENER;75018;PARIS;48.890382,2.358837
Le Calumet;0;29 RUE RAMEY;75018;PARIS;48.888595,2.346559
Tabac le Nazir;dimanche;56 R. DES ABBESSES;75018;PARIS;48.885775,2.335234
Le Terminus;0;4 PL. FROMENT;75018;PARIS;48.890849,2.331425
La Renaissance;0;188 R. ORDENER;75018;PARIS;48.89418,2.333106
Le Marigny;dimanche;76 AVENUE DE FLANDRE;75019;PARIS;48.889286,2.375467
Le Concorde;dimanche;146 AV. JEAN JAURÈS;75019;PARIS;48.88699,2.386878
Tabac de l'Ourcq;dimanche;98 R. DE L'OURCQ;75019;PARIS;48.893785,2.373645
Le Saint-Claude;dimanche;3 R. DE BAGNOLET;75020;PARIS;48.856695,2.394913
Le Cantal;dimanche;20 R. DEVERIA;75020;PARIS;48.872525,2.399171
Le Cornillon;dimanche;15 RUE CORNILLON;77100;MEAUX;48.954786,2.879419
Le Malakoff;lundi;36 RUE DU GRAND CERF;77100;MEAUX;48.958454,2.879848
Le Saint Domingue;dimanche;27 PLACE DE L'EUROPE;77700;BAILLY-ROMAINVILLIERS;48.850518,2.819797
Tabac-Presse du Mail;dimanche;28 AVE DU GÉNÉRAL DE GAULLE;78140;VÉLIZY-VILLACOUBLAY;48.78475,2.183047
Tabac des Blanches;dimanche;33 BD HENRI BARBUSSE;78800;HOUILLES;48.92683,2.192155
Librairie des Coteau;dimanche;10 R. DU DR ROUX;91160;LONGJUMEAU;48.690656,2.293619
Le Jean Bart;dimanche;155  AV. DE MORANGIS;91200;ATHIS-MONS;48.70554,2.356815
Le Ri Papeterie;dimanche;18 AV. GABRIEL PÉRI;91260;JUVISY-SUR-ORGE;48.692146,2.363962
Tabac du Languedoc;dimanche;6 R D'ALGER;91300;MASSY;48.734642,2.294502
Librairie;dimanche;3 PL. HENRI BARBUSSE;91550;PARAY-VIEILLE-POSTE;48.712596,2.362295
Tabac Loto Presse;dimanche;43 R. DES AUBÉPINES;92000;NANTERRE;48.910812,2.221284
Le Chiquito;dimanche;104 R. DE BILLANCOURT;92100;BOULOGNE-BILLANCOURT;48.836263,2.236533
Le Royal Tabac;dimanche;99 AV. EDOUARD VAILLANT;92100;BOULOGNE-BILLANCOURT;48.833818,2.244705
Toute la Presse;dimanche;106 R. DU POINT DU JOUR;92100;BOULOGNE-BILLANCOURT;48.829143,2.247729
Le Maryland;dimanche;7 BD JEAN JAURÈS;92110;CLICHY;48.897225,2.308644
Le Celtique;dimanche;33 R.  VILLENEUVE;92110;CLICHY;48.904398,2.307666
Royal Clichy;dimanche;29 BD DU GÉN. LECLERC;92110;CLICHY;48.900915,2.315586
Bar le Rallye;dimanche;5 RUE DU LANDY;92110;CLICHY;48.904513,2.303637
Tabac République;dimanche;1 PL. DE LA RÉPUBLIQUE;92110;CLICHY;48.902954,2.313039
Le Havane;dimanche;45 BD JEAN JAURÈS;92110;CLICHY;48.899894,2.306187
Le Carvès;dimanche;130 AV. ARISTIDE BRIAND;92120;MONTROUGE;48.810943,2.326751
Tabac Le Verdon;dimanche;127  BIS AV. VERDIER;92120;MONTROUGE;48.816195,2.306045
Le Victor Hugo;dimanche;175 AV. VICTOR HUGO;92140;CLAMART;48.809523,2.27185
Le Fleury;samedi;82 AV. HENRI BARBUSSE;92140;CLAMART;48.81137,2.258306
Tabac des Chênes;dimanche;45 R. DES CHÊNES;92150;SURESNES;48.8802,2.222402
Le Maryland;samedi;23 R. DE VILLIERS;92200;NEUILLY-SUR-SEINE;48.887244,2.282674
Le Gambetta;0;14  GAMBETTA;92240;MALAKOFF;48.823219,2.307419
Librairie Malakoff;dimanche;59 AV. PIERRE LAROUSSE;92240;MALAKOFF;48.821701,2.304275
Le Jean Nicot;dimanche;432 AV. DE LA DIVISION LECLERC;92290;CHÂTENAY-MALABRY;48.768424,2.252004
Le Voltaire;dimanche;1 PL. VOLTAIRE;92290;CHÂTENAY-MALABRY;48.766195,2.279202
Le Tom Tip;samedi;117 R. VICTOR HUGO;92300;LEVALLOIS-PERRET;48.898474,2.294073
Tabac du Parc;dimanche;26 R. PIERRE BROSSOLETTE;92300;LEVALLOIS-PERRET;48.895496,2.292748
Le Balto;dimanche;48 R. GABRIEL PÉRI;92300;LEVALLOIS-PERRET;48.893197,2.286785
Le Press Book;lundi;12 R. TRÉBOIS;92300;LEVALLOIS-PERRET;48.890634,2.290411
L'Européen;dimanche;22 AV. DE L'EUROPE;92310;SÈVRES;48.82232,2.206925
Tabac de la Mairie;dimanche;61 GRANDE RUE;92310;SÈVRES;48.823832,2.209509
Tabac - Presse;dimanche;60  AV. DE PARIS;92320;CHÂTILLON;48.806065,2.292353
Tabac du Marché;mercredi;10 AV. DE LA LIBÉRATION;92350;LE PLESSIS-ROBINSON;48.776879,2.256181
Le Muguet;dimanche;1494 AV. ROGER SALENGRO;92370;CHAVILLE;48.809249,2.188321
Tabac du Golf;dimanche;79 R. DU 19 JANVIER;92380;GARCHES;48.851344,2.191658
Presse Le Protocole;samedi;36BIS SQUARE DES COROLLES;92400;COURBEVOIE;48.890612,2.245742
La Baraka;dimanche;73 AV. DE LA RÉPUBLIQUE;92400;COURBEVOIE;48.901539,2.251228
Le Tabalire;dimanche;103 AV. PAUL DOUMER;92500;RUEIL-MALMAISON;48.879666,2.180355
Le Havane;dimanche;9 R. DE LA STATION;92600;ASNIÈRES-SUR-SEINE;48.90652,2.284481
Civette de Bobigny;dimanche;2 BD. MAURICE THOREZ C.C BOBIGNY;93000;BOBIGNY;48.906663,2.448215
Le Bel Air;dimanche;25 AVENUE ÉDOUARD VAILLANT;93000;BOBIGNY;48.90755,2.468686
Tabac-Presse;dimanche;35 BD ARISTIDE BRIAND;93100;MONTREUIL;48.8701,2.449979
Tabac de l'église;lundi;2-4 R. DU GÉNÉRAL GALLIENI;93110;ROSNY-SOUS-BOIS;48.874107,2.482607
L'Imprévu;dimanche;1 AV. PAUL VAILLANT COUTURIER;93120;LA COURNEUVE;48.91822,2.407618
Tabac des 4 Routes;dimanche;52 AV. PAUL VAILLANT COUTURIER;93120;LA COURNEUVE;48.920455,2.41071
Le Celtic;dimanche;1 R. ANATOLE FRANCE;93130;NOISY-LE-SEC;48.889713,2.452572
Maison de la Presse;dimanche;33 B AVENUE HENRI BARBUSSE;93150;LE BLANC-MESNIL;48.93761,2.459476
Le Piazza;dimanche;2 ALLÉE ANDRÉ MALRAUX;93160;NOISY-LE-GRAND;48.839332,2.550595
La Civette;dimanche;4 BD DE CHANZY;93190;LIVRY-GARGAN;48.908587,2.517988
Au Diplomate;dimanche;68 R. GABRIEL PÉRI;93200;SAINT-DENIS;48.935333,2.356038
La Royale;dimanche;15 CHEMIN D'AUBERVILLIERS;93200;SAINT-DENIS;48.923104,2.370595
Le Métropole;dimanche;32 R. DE LA RÉPUBLIQUE;93200;SAINT-DENIS;48.93644,2.355045
Le Balto;dimanche;44 BD. JULES GUESDE;93200;SAINT-DENIS;48.93733,2.350254
Tabac  la Mutualité;dimanche;44 R. HENRI BARBUSSE;93200;SAINT-DENIS;48.941242,2.372069
Tabac De L'Époque;mercredi;2 RUE JOANNES;93220;GAGNY;48.882798,2.527038
Le Chavannes;jeudi;162 ALLÉE DE MONTFERMEIL;93220;GAGNY;48.898337,2.536295
Tabac De La Gare;dimanche;7 PLACE DE LA GARE;93250;VILLEMOMBLE;48.889031,2.510885
Le Totem;dimanche;CCIAL BEAUSEVRAN - RTE PETITS PONTS;93270;SEVRAN;48.94324,2.522741
Le Beau Relais;dimanche;129 AV. JEAN JAURÈS;93300;AUBERVILLIERS;48.907935,2.39662
Le Totem;dimanche;156 R. DANIELLE CASANOVA;93300;AUBERVILLIERS;48.915027,2.402833
Galaxie Millionnair;dimanche;167 AV. VICTOR HUGO;93300;AUBERVILLIERS;48.911799,2.379456
Lib. du Val de Marne;dimanche;70/72 RUE DU ONZE NOVEMBRE;93330;NEUILLY-SUR-MARNE;48.858065,2.526241
Civette du Bourget;dimanche;15 RUE ÉTIENNE DOLET;93350;LE BOURGET;48.931365,2.427462
Bar Tabac l'Aviatic;dimanche;30 AV. DE LA DIVISION LECLERC;93350;LE BOURGET;48.933094,2.424109
Le Fuégo;dimanche;80 AVENUE LÉNINE;93380;PIERREFITTE-SUR-SEINE;48.957902,2.358401
Le Ninos;dimanche;203 AV. ELISÉE RECLUS;93380;PIERREFITTE-SUR-SEINE;48.95024,2.357871
Le Diplomate;dimanche;52 BD. PASTEUR;93380;PIERREFITTE-SUR-SEINE;48.964664,2.365583
Bar l'Express;dimanche;2 PL. DU GÉNÉRAL LECLERC;93380;PIERREFITTE-SUR-SEINE;48.964533,2.372136
Le Chaldée;dimanche;169 R. DU DR BAUER;93400;SAINT-OUEN;48.902878,2.348478
L'Élégance;jeudi;67 AV. GABRIEL-PÉRI;93400;SAINT-OUEN;48.90591,2.331948
Le Terminus;dimanche;224 AV. DU 8 MAI 1945;93440;DUGNY;48.953812,2.443199
Tabac De L'Église;dimanche;2 AVENUE PAUL DOUMER;93460;GOURNAY-SUR-MARNE;48.863225,2.576204
Le Victor Hugo;dimanche;135 AVENUE JEAN LOLIVE;93500;PANTIN;48.893039,2.411952
Au Petit  Tabac;dimanche;2 AV. ÉDOUARD VAILLANT;93500;PANTIN;48.897075,2.400152
Le Flash;mardi;3 R. STE MARGUERITE;93500;PANTIN;48.901012,2.391151
Le Royal 4 Chemins;lundi;70 AV. JEAN JAURÈS;93500;PANTIN;48.903242,2.391915
Tabac du Marché;lundi;5 R. JACQUES DUCLOS;93600;AULNAY-SOUS-BOIS;48.941549,2.496952
Le Brazza;dimanche;76 RUE ROGER SALENGRO;93700;DRANCY;48.919158,2.437234
Le Bistrot de Paris;dimanche;32 R. DE PARIS;93800;ÉPINAY-SUR-SEINE;48.953689,2.311288
Le Week-End;dimanche;7 AV. GALLIENI;93800;ÉPINAY-SUR-SEINE;48.965428,2.300278
Presse L'Obélisque;dimanche;15 IMP. DU NOYER BOSSU;93800;ÉPINAY-SUR-SEINE;48.956244,2.298591
Le Royal Bleuet;lundi;115 R. CHÉRET;94000;CRÉTEIL;48.805543,2.456238
Le Milton;dimanche;25  AV VLADIMIR ILITCH LÉNINE;94110;ARCUEIL;48.810626,2.33047
La Royale;dimanche;122 R. MARIUS SIDOBRE;94110;ARCUEIL;48.80678,2.335989
Au Bon Tabac;dimanche;20 R. ÉMILE RASPAIL;94110;ARCUEIL;48.801209,2.331717
Tabac Le Verdun;dimanche;72 BD. DE VERDUN;94120;FONTENAY-SOUS-BOIS;48.853901,2.46949
Tabac du Marché;lundi;56 R. DES HÉROS NOGENTAIS;94130;NOGENT-SUR-MARNE;48.838326,2.487239
Le Watteau;dimanche;7 BD DE STRASBOURG;94130;NOGENT-SUR-MARNE;48.835834,2.474379
Le Fortville;lundi;106 R. VÉRON;94140;ALFORTVILLE;48.810098,2.414244
Les Incorruptibles;dimanche;102 AV. DU GÉNÉRAL DE GAULLE;94160;SAINT-MANDÉ;48.837713,2.417807
Le Fontenoy St Mandé;0;7 PLACE CHARLES DIGEON;94160;SAINT-MANDÉ;48.843766,2.418523
Brasserie des Sports;dimanche;8 R. RASPAIL;94200;IVRY-SUR-SEINE;48.811469,2.387274
L'Escale;dimanche;14 AV. DE VERDUN;94200;IVRY-SUR-SEINE;48.815981,2.36776
Tabac de la Gare;dimanche;81 BD DE BRANDEBOURG;94200;IVRY-SUR-SEINE;48.814475,2.392038
Le Mogador;dimanche;197 R. DE PARIS;94220;CHARENTON-LE-PONT;48.828913,2.401924
Le Week End;dimanche;31 AV. DES DAHLIAS;94240;L'HAŸ-LES-ROSES;48.777917,2.352546
Tabac Presse Fee;dimanche;81  AV. DU GÉN. DE GAULLE;94240;L'HAŸ-LES-ROSES;48.783568,2.345596
Librairie-Papeterie;dimanche;28 R. CHARLES FRÉROT;94250;GENTILLY;48.815862,2.351708
Le Jean Bart;dimanche;81 AV. DE FONTAINEBLEAU;94270;LE KREMLIN-BICÊTRE;48.810469,2.362386
Tabac De La Tourell;mercredi;170 AVENUE DE PARIS;94300;VINCENNES;48.846447,2.419373
Le Narval;dimanche;46 R. DU COMMERCE;94310;ORLY;48.742755,2.397154
Tabac de La Gare;dimanche;7 PL. DU 8 MAI 1945;94310;ORLY;48.741852,2.402155
Le Rocher Fleuri;dimanche;52 AV. DU GÉNÉRAL GALLIÉNI;94340;JOINVILLE-LE-PONT;48.819904,2.48012
Totem;dimanche;41 BOULEVARD GALLIENI;94360;BRY-SUR-MARNE;48.843607,2.523638
La Navette De Bry;samedi;1 PLACE DAGUERRE;94360;BRY-SUR-MARNE;48.834399,2.519496
Bonn' News;dimanche;3 AV. DU BICENTENAIRE;94380;BONNEUIL-SUR-MARNE;48.765622,2.488705
Le Français;dimanche;25 AV. LUCIEN FRANÇAIS;94400;VITRY-SUR-SEINE;48.786619,2.386543
Le Fontenoy;lundi;120 AV. ERNEST HAVET;94400;VITRY-SUR-SEINE;48.789554,2.402783
Le Gitane;lundi;110 AV. DU COL. FABIEN;94400;VITRY-SUR-SEINE;48.787079,2.376588
Tabac - Presse;dimanche;25 R. DU PROF. CALMETTE;94400;VITRY-SUR-SEINE;48.802396,2.386133
Victoria;dimanche;106 AV. ANATOLE FRANCE;94400;VITRY-SUR-SEINE;48.807646,2.404383
Plessis Presse;dimanche;38 AVENUE ARDOUIN;94420;LE PLESSIS-TRÉVISE;48.808944,2.57385
A l'Hirondelle;dimanche;9 ROUTE DE LA LIBÉRATION;94430;CHENNEVIÈRES-SUR-MARNE;48.802636,2.539022
Le Val Pompadour;dimanche;70 AV. HENRI BARBUSSE;94460;VALENTON;48.766014,2.441567
Le Cigare- La Flamme;dimanche;81/85 RTE DE PROVINS  C.C PINCE VENT;94490;ORMESSON-SUR-MARNE;48.7893,2.548554
Tabac du Marché;dimanche;56 AV. GEORGES CLEMENCEAU;94700;MAISONS-ALFORT;48.809865,2.443575
Le Bergerac;dimanche;9 R. VEROLLOT;94800;VILLEJUIF;48.805442,2.369712
Le Celtique;dimanche;83 RUE PIERRE BROSSOLETTE;95200;SARCELLES;48.993578,2.377585
Le Bloch Lainé;dimanche;3 PL. BLOCH LAINÉ;95200;SARCELLES;48.972413,2.381422
Les Volutes;dimanche;14 R.DE TOULOUSE  C.C LES FLANADE;95200;SARCELLES;48.978339,2.376415
La Régence;dimanche;5 AV. DU 8 MAI 1945;95200;SARCELLES;48.976927,2.375217
